unix_ts	series	value
1788812745	cqlite-flight	12
1788812760	cqlite-flight	12
1788812775	cqlite-flight	12
1788812790	cqlite-flight	12
1788812805	cqlite-flight	12
1788812820	cqlite-flight	12
1788812835	cqlite-flight	12
1788812850	cqlite-flight	12
1788812865	cqlite-flight	12
1788812880	cqlite-flight	12
1788812895	cqlite-flight	12
1788812910	cqlite-flight	12
1788812925	cqlite-flight	12
1788812940	cqlite-flight	12
1788812955	cqlite-flight	12
1788812970	cqlite-flight	12
1788812985	cqlite-flight	12
1788813000	cqlite-flight	12
1788813015	cqlite-flight	12
1788813030	cqlite-flight	12
1788813045	cqlite-flight	12
1788813060	cqlite-flight	12
1788813075	cqlite-flight	12
1788813090	cqlite-flight	12
1788813105	cqlite-flight	12
1788813120	cqlite-flight	12
1788813135	cqlite-flight	12
1788813150	cqlite-flight	12
1788813165	cqlite-flight	12
1788813180	cqlite-flight	12
1788813195	cqlite-flight	12
1788813210	cqlite-flight	12
1788813225	cqlite-flight	12
1788813240	cqlite-flight	12
1788813255	cqlite-flight	12
1788813270	cqlite-flight	12
1788813285	cqlite-flight	12
1788813300	cqlite-flight	12
1788813315	cqlite-flight	12
1788813330	cqlite-flight	12
1788813345	cqlite-flight	12
1788813360	cqlite-flight	12
1788813375	cqlite-flight	12
1788813390	cqlite-flight	12
1788813405	cqlite-flight	12
1788813420	cqlite-flight	12
1788813435	cqlite-flight	12
1788813450	cqlite-flight	12
1788813465	cqlite-flight	12
1788813480	cqlite-flight	12
1788813495	cqlite-flight	12
1788813510	cqlite-flight	12
1788813525	cqlite-flight	12
1788813540	cqlite-flight	12
1788813555	cqlite-flight	12
1788813570	cqlite-flight	12
1788813585	cqlite-flight	12
1788813600	cqlite-flight	12
1788813615	cqlite-flight	12
1788813630	cqlite-flight	12
1788813645	cqlite-flight	12
1788813660	cqlite-flight	12
1788813675	cqlite-flight	12
1788813690	cqlite-flight	12
1788813705	cqlite-flight	12
1788813720	cqlite-flight	12
1788813735	cqlite-flight	12
1788813750	cqlite-flight	12
1788813765	cqlite-flight	12
1788813780	cqlite-flight	12
1788813795	cqlite-flight	12
1788813810	cqlite-flight	12
1788813825	cqlite-flight	12
1788813840	cqlite-flight	12
1788813855	cqlite-flight	12
1788813870	cqlite-flight	12
1788813885	cqlite-flight	12
1788813900	cqlite-flight	12
1788813915	cqlite-flight	12
1788813930	cqlite-flight	12
1788813945	cqlite-flight	12
1788813960	cqlite-flight	12
1788813975	cqlite-flight	12
1788813990	cqlite-flight	12
1788814005	cqlite-flight	12
1788814020	cqlite-flight	12
1788814035	cqlite-flight	12
1788814050	cqlite-flight	12
1788814065	cqlite-flight	12
1788814080	cqlite-flight	12
1788814095	cqlite-flight	12
1788814110	cqlite-flight	12
1788814125	cqlite-flight	12
1788814140	cqlite-flight	12
1788814155	cqlite-flight	12
1788814170	cqlite-flight	12
1788814185	cqlite-flight	12
1788814200	cqlite-flight	12
1788814215	cqlite-flight	12
1788814230	cqlite-flight	12
1788814245	cqlite-flight	12
1788814260	cqlite-flight	12
1788814275	cqlite-flight	12
1788814290	cqlite-flight	12
1788814305	cqlite-flight	12
1788814320	cqlite-flight	12
1788814335	cqlite-flight	12
1788814350	cqlite-flight	12
1788814365	cqlite-flight	12
1788814380	cqlite-flight	12
1788814395	cqlite-flight	12
1788814410	cqlite-flight	12
1788814425	cqlite-flight	12
1788814440	cqlite-flight	12
1788814455	cqlite-flight	12
1788814470	cqlite-flight	12
1788814485	cqlite-flight	12
1788814500	cqlite-flight	12
1788814515	cqlite-flight	12
1788814530	cqlite-flight	12
1788814545	cqlite-flight	12
1788814560	cqlite-flight	12
1788814575	cqlite-flight	12
1788814590	cqlite-flight	12
1788814605	cqlite-flight	12
1788814620	cqlite-flight	12
1788814635	cqlite-flight	12
1788814650	cqlite-flight	12
1788814665	cqlite-flight	12
1788814680	cqlite-flight	12
1788814695	cqlite-flight	12
1788814710	cqlite-flight	12
1788814725	cqlite-flight	12
1788814740	cqlite-flight	12
1788814755	cqlite-flight	12
1788814770	cqlite-flight	12
1788814785	cqlite-flight	12
1788814800	cqlite-flight	12
1788814815	cqlite-flight	12
1788814830	cqlite-flight	12
1788814845	cqlite-flight	12
1788814860	cqlite-flight	12
1788814875	cqlite-flight	12
1788814890	cqlite-flight	12
1788814905	cqlite-flight	12
1788814920	cqlite-flight	12
1788814935	cqlite-flight	12
1788814950	cqlite-flight	12
1788814965	cqlite-flight	12
1788814980	cqlite-flight	12
1788814995	cqlite-flight	12
1788815010	cqlite-flight	12
1788815025	cqlite-flight	12
1788815040	cqlite-flight	12
1788815055	cqlite-flight	12
1788815070	cqlite-flight	12
1788815085	cqlite-flight	12
1788815100	cqlite-flight	12
1788815115	cqlite-flight	12
1788815130	cqlite-flight	12
1788815145	cqlite-flight	12
1788815160	cqlite-flight	12
1788815175	cqlite-flight	12
1788815190	cqlite-flight	12
1788815205	cqlite-flight	12
1788815220	cqlite-flight	12
1788815235	cqlite-flight	12
1788815250	cqlite-flight	12
1788815265	cqlite-flight	12
1788815280	cqlite-flight	12
1788815295	cqlite-flight	12
1788815310	cqlite-flight	12
1788815325	cqlite-flight	12
1788815340	cqlite-flight	12
1788815355	cqlite-flight	12
1788815370	cqlite-flight	12
1788815385	cqlite-flight	12
1788815400	cqlite-flight	12
1788815415	cqlite-flight	12
1788815430	cqlite-flight	12
1788815445	cqlite-flight	12
1788815460	cqlite-flight	12
1788815475	cqlite-flight	12
1788815490	cqlite-flight	12
1788815505	cqlite-flight	12
1788815520	cqlite-flight	12
1788815535	cqlite-flight	12
1788815550	cqlite-flight	12
1788815565	cqlite-flight	12
1788815580	cqlite-flight	12
1788815595	cqlite-flight	12
1788815610	cqlite-flight	12
1788815625	cqlite-flight	12
1788815640	cqlite-flight	12
1788815655	cqlite-flight	12
1788815670	cqlite-flight	12
1788815685	cqlite-flight	12
1788815700	cqlite-flight	12
1788815715	cqlite-flight	12
1788815730	cqlite-flight	12
1788815745	cqlite-flight	12
1788815760	cqlite-flight	12
1788815775	cqlite-flight	12
1788815790	cqlite-flight	12
1788815805	cqlite-flight	12
1788815820	cqlite-flight	12
1788815835	cqlite-flight	12
1788815850	cqlite-flight	12
1788815865	cqlite-flight	12
1788815880	cqlite-flight	12
1788815895	cqlite-flight	12
1788815910	cqlite-flight	12
1788815925	cqlite-flight	12
1788815940	cqlite-flight	12
1788815955	cqlite-flight	12
1788815970	cqlite-flight	12
1788815985	cqlite-flight	12
1788816000	cqlite-flight	12
1788816015	cqlite-flight	12
1788816030	cqlite-flight	12
1788816045	cqlite-flight	12
1788816060	cqlite-flight	12
1788816075	cqlite-flight	12
1788816090	cqlite-flight	12
1788816105	cqlite-flight	12
1788816120	cqlite-flight	12
1788816135	cqlite-flight	12
1788816150	cqlite-flight	12
1788816165	cqlite-flight	12
1788816180	cqlite-flight	12
1788816195	cqlite-flight	12
1788816210	cqlite-flight	12
1788816225	cqlite-flight	12
1788816240	cqlite-flight	12
1788816255	cqlite-flight	12
1788816270	cqlite-flight	12
1788816285	cqlite-flight	12
1788816300	cqlite-flight	12
1788816315	cqlite-flight	12
1788816330	cqlite-flight	12
1788816345	cqlite-flight	12
1788816360	cqlite-flight	12
1788816375	cqlite-flight	12
1788816390	cqlite-flight	12
1788816405	cqlite-flight	12
1788816420	cqlite-flight	12
1788816435	cqlite-flight	12
1788816450	cqlite-flight	12
1788816465	cqlite-flight	12
1788816480	cqlite-flight	12
1788816495	cqlite-flight	12
1788816510	cqlite-flight	12
1788816525	cqlite-flight	12
1788816540	cqlite-flight	12
1788816555	cqlite-flight	12
1788816570	cqlite-flight	12
1788816585	cqlite-flight	12
1788816600	cqlite-flight	12
1788816615	cqlite-flight	12
1788816630	cqlite-flight	12
1788816645	cqlite-flight	12
1788816660	cqlite-flight	12
1788816675	cqlite-flight	12
1788816690	cqlite-flight	12
1788816705	cqlite-flight	12
1788816720	cqlite-flight	12
1788816735	cqlite-flight	12
1788816750	cqlite-flight	12
1788816765	cqlite-flight	12
1788816780	cqlite-flight	12
1788816795	cqlite-flight	12
1788816810	cqlite-flight	12
1788816825	cqlite-flight	12
1788816840	cqlite-flight	12
1788816855	cqlite-flight	12
1788816870	cqlite-flight	12
1788816885	cqlite-flight	12
1788816900	cqlite-flight	12
1788816915	cqlite-flight	12
1788816930	cqlite-flight	12
1788816945	cqlite-flight	12
1788816960	cqlite-flight	12
1788816975	cqlite-flight	12
1788816990	cqlite-flight	12
1788817005	cqlite-flight	12
1788817020	cqlite-flight	12
1788817035	cqlite-flight	12
1788817050	cqlite-flight	12
1788817065	cqlite-flight	12
1788817080	cqlite-flight	12
1788817095	cqlite-flight	12
1788817110	cqlite-flight	12
1788817125	cqlite-flight	12
1788817140	cqlite-flight	12
1788817155	cqlite-flight	12
1788817170	cqlite-flight	12
1788817185	cqlite-flight	12
1788817200	cqlite-flight	12
1788817215	cqlite-flight	12
1788817230	cqlite-flight	12
1788817245	cqlite-flight	12
1788817260	cqlite-flight	12
1788817275	cqlite-flight	12
1788817290	cqlite-flight	12
1788817305	cqlite-flight	12
1788817320	cqlite-flight	12
1788817335	cqlite-flight	12
1788817350	cqlite-flight	12
1788817365	cqlite-flight	12
1788817380	cqlite-flight	12
1788817395	cqlite-flight	12
1788817410	cqlite-flight	12
1788817425	cqlite-flight	12
1788817440	cqlite-flight	12
1788817455	cqlite-flight	12
1788817470	cqlite-flight	12
1788817485	cqlite-flight	12
1788817500	cqlite-flight	12
1788817515	cqlite-flight	12
1788817530	cqlite-flight	12
1788817545	cqlite-flight	12
1788817560	cqlite-flight	12
1788817575	cqlite-flight	12
1788817590	cqlite-flight	12
1788817605	cqlite-flight	12
1788817620	cqlite-flight	12
1788817635	cqlite-flight	12
1788817650	cqlite-flight	12
1788817665	cqlite-flight	12
1788817680	cqlite-flight	12
1788817695	cqlite-flight	12
1788817710	cqlite-flight	12
1788817725	cqlite-flight	12
1788817740	cqlite-flight	12
1788817755	cqlite-flight	12
1788817770	cqlite-flight	12
1788817785	cqlite-flight	12
1788817800	cqlite-flight	12
1788817815	cqlite-flight	12
1788817830	cqlite-flight	12
1788817845	cqlite-flight	12
1788817860	cqlite-flight	12
1788817875	cqlite-flight	12
1788817890	cqlite-flight	12
1788817905	cqlite-flight	12
1788817920	cqlite-flight	12
1788817935	cqlite-flight	12
1788817950	cqlite-flight	12
1788817965	cqlite-flight	12
1788817980	cqlite-flight	12
1788817995	cqlite-flight	12
1788818010	cqlite-flight	12
1788818025	cqlite-flight	12
1788818040	cqlite-flight	12
1788818055	cqlite-flight	12
1788818070	cqlite-flight	12
1788818085	cqlite-flight	12
1788818100	cqlite-flight	12
1788818115	cqlite-flight	12
1788818130	cqlite-flight	12
1788818145	cqlite-flight	12
1788818160	cqlite-flight	12
1788818175	cqlite-flight	12
1788818190	cqlite-flight	12
1788818205	cqlite-flight	12
1788818220	cqlite-flight	12
1788818235	cqlite-flight	12
1788818250	cqlite-flight	12
1788818265	cqlite-flight	12
1788818280	cqlite-flight	12
1788818295	cqlite-flight	12
1788818310	cqlite-flight	12
1788818325	cqlite-flight	12
1788818340	cqlite-flight	12
1788818355	cqlite-flight	12
1788818370	cqlite-flight	12
1788818385	cqlite-flight	12
1788818400	cqlite-flight	12
1788818415	cqlite-flight	12
1788818430	cqlite-flight	12
1788818445	cqlite-flight	12
1788818460	cqlite-flight	12
1788818475	cqlite-flight	12
1788818490	cqlite-flight	12
1788818505	cqlite-flight	12
1788818520	cqlite-flight	12
1788818535	cqlite-flight	12
1788818550	cqlite-flight	12
1788818565	cqlite-flight	12
1788818580	cqlite-flight	12
1788818595	cqlite-flight	12
1788818610	cqlite-flight	12
1788818625	cqlite-flight	12
1788818640	cqlite-flight	12
1788818655	cqlite-flight	12
1788818670	cqlite-flight	12
1788818685	cqlite-flight	12
1788818700	cqlite-flight	12
1788818715	cqlite-flight	12
1788818730	cqlite-flight	12
1788818745	cqlite-flight	12
1788818760	cqlite-flight	12
1788818775	cqlite-flight	12
1788818790	cqlite-flight	12
1788818805	cqlite-flight	12
1788818820	cqlite-flight	12
1788818835	cqlite-flight	12
1788818850	cqlite-flight	12
1788818865	cqlite-flight	12
1788818880	cqlite-flight	12
1788818895	cqlite-flight	12
1788818910	cqlite-flight	12
1788818925	cqlite-flight	12
1788818940	cqlite-flight	12
1788818955	cqlite-flight	12
1788818970	cqlite-flight	12
1788818985	cqlite-flight	12
1788819000	cqlite-flight	12
1788819015	cqlite-flight	12
1788819030	cqlite-flight	12
1788819045	cqlite-flight	12
1788819060	cqlite-flight	12
1788819075	cqlite-flight	12
1788819090	cqlite-flight	12
1788819105	cqlite-flight	12
1788819120	cqlite-flight	12
1788819135	cqlite-flight	12
1788819150	cqlite-flight	12
1788819165	cqlite-flight	12
1788819180	cqlite-flight	12
1788819195	cqlite-flight	12
1788819210	cqlite-flight	12
1788819225	cqlite-flight	12
1788819240	cqlite-flight	12
1788819255	cqlite-flight	12
1788819270	cqlite-flight	12
1788819285	cqlite-flight	12
1788819300	cqlite-flight	12
1788819315	cqlite-flight	12
1788819330	cqlite-flight	12
1788819345	cqlite-flight	12
1788819360	cqlite-flight	12
1788819375	cqlite-flight	12
1788819390	cqlite-flight	12
1788819405	cqlite-flight	12
1788819420	cqlite-flight	12
1788819435	cqlite-flight	12
1788819450	cqlite-flight	12
1788819465	cqlite-flight	12
1788819480	cqlite-flight	12
1788819495	cqlite-flight	12
1788819510	cqlite-flight	12
1788819525	cqlite-flight	12
1788819540	cqlite-flight	12
1788819555	cqlite-flight	12
1788819570	cqlite-flight	12
1788819585	cqlite-flight	12
1788819600	cqlite-flight	12
1788819615	cqlite-flight	12
1788819630	cqlite-flight	12
1788819645	cqlite-flight	12
1788819660	cqlite-flight	12
1788819675	cqlite-flight	12
1788819690	cqlite-flight	12
1788819705	cqlite-flight	12
1788819720	cqlite-flight	12
1788819735	cqlite-flight	12
1788819750	cqlite-flight	12
1788819765	cqlite-flight	12
1788819780	cqlite-flight	12
1788819795	cqlite-flight	12
1788819810	cqlite-flight	12
1788819825	cqlite-flight	12
1788819840	cqlite-flight	12
1788819855	cqlite-flight	12
1788819870	cqlite-flight	12
1788819885	cqlite-flight	12
1788819900	cqlite-flight	12
1788819915	cqlite-flight	12
1788819930	cqlite-flight	12
1788819945	cqlite-flight	12
1788819960	cqlite-flight	12
1788819975	cqlite-flight	12
1788819990	cqlite-flight	12
1788820005	cqlite-flight	12
1788820020	cqlite-flight	12
1788820035	cqlite-flight	12
1788820050	cqlite-flight	12
1788820065	cqlite-flight	12
1788820080	cqlite-flight	12
1788820095	cqlite-flight	12
1788820110	cqlite-flight	12
1788820125	cqlite-flight	12
1788820140	cqlite-flight	12
1788820155	cqlite-flight	12
1788820170	cqlite-flight	12
1788820185	cqlite-flight	12
1788820200	cqlite-flight	12
1788820215	cqlite-flight	12
1788820230	cqlite-flight	12
1788820245	cqlite-flight	12
1788820260	cqlite-flight	12
1788820275	cqlite-flight	12
1788820290	cqlite-flight	12
1788820305	cqlite-flight	12
1788820320	cqlite-flight	12
1788820335	cqlite-flight	12
1788820350	cqlite-flight	12
1788820365	cqlite-flight	12
1788820380	cqlite-flight	12
1788820395	cqlite-flight	12
1788820410	cqlite-flight	12
1788820425	cqlite-flight	12
1788820440	cqlite-flight	12
1788820455	cqlite-flight	12
1788820470	cqlite-flight	12
1788820485	cqlite-flight	12
1788820500	cqlite-flight	12
1788820515	cqlite-flight	12
1788820530	cqlite-flight	12
1788820545	cqlite-flight	12
1788820560	cqlite-flight	12
1788820575	cqlite-flight	12
1788820590	cqlite-flight	12
1788820605	cqlite-flight	12
1788820620	cqlite-flight	12
1788820635	cqlite-flight	12
1788820650	cqlite-flight	12
1788820665	cqlite-flight	12
1788820680	cqlite-flight	12
1788820695	cqlite-flight	12
1788820710	cqlite-flight	12
1788820725	cqlite-flight	12
1788820740	cqlite-flight	12
1788820755	cqlite-flight	12
1788820770	cqlite-flight	12
1788820785	cqlite-flight	12
1788820800	cqlite-flight	12
1788820815	cqlite-flight	12
1788820830	cqlite-flight	12
1788820845	cqlite-flight	12
1788820860	cqlite-flight	12
1788820875	cqlite-flight	12
1788820890	cqlite-flight	12
1788820905	cqlite-flight	12
1788820920	cqlite-flight	12
1788820935	cqlite-flight	12
1788820950	cqlite-flight	12
1788820965	cqlite-flight	12
1788820980	cqlite-flight	12
1788820995	cqlite-flight	12
1788821010	cqlite-flight	12
1788821025	cqlite-flight	12
1788821040	cqlite-flight	12
1788821055	cqlite-flight	12
1788821070	cqlite-flight	12
1788821085	cqlite-flight	12
1788821100	cqlite-flight	12
1788821115	cqlite-flight	12
1788821130	cqlite-flight	12
1788821145	cqlite-flight	12
1788821160	cqlite-flight	12
1788821175	cqlite-flight	12
1788821190	cqlite-flight	12
1788821205	cqlite-flight	12
1788821220	cqlite-flight	12
1788821235	cqlite-flight	12
1788821250	cqlite-flight	12
1788821265	cqlite-flight	12
1788821280	cqlite-flight	12
1788821295	cqlite-flight	12
1788821310	cqlite-flight	12
1788821325	cqlite-flight	12
1788821340	cqlite-flight	12
1788821355	cqlite-flight	12
1788821370	cqlite-flight	12
1788821385	cqlite-flight	12
1788821400	cqlite-flight	12
1788821415	cqlite-flight	12
1788821430	cqlite-flight	12
1788821445	cqlite-flight	12
1788821460	cqlite-flight	12
1788821475	cqlite-flight	12
1788821490	cqlite-flight	12
1788821505	cqlite-flight	12
1788821520	cqlite-flight	12
1788821535	cqlite-flight	12
1788821550	cqlite-flight	12
1788821565	cqlite-flight	12
1788821580	cqlite-flight	12
1788821595	cqlite-flight	12
1788821610	cqlite-flight	12
1788821625	cqlite-flight	12
1788821640	cqlite-flight	12
1788821655	cqlite-flight	12
1788821670	cqlite-flight	12
1788821685	cqlite-flight	12
1788821700	cqlite-flight	12
1788821715	cqlite-flight	12
1788821730	cqlite-flight	12
1788821745	cqlite-flight	12
1788821760	cqlite-flight	12
1788821775	cqlite-flight	12
1788821790	cqlite-flight	12
1788821805	cqlite-flight	12
1788821820	cqlite-flight	12
1788821835	cqlite-flight	12
1788821850	cqlite-flight	12
1788821865	cqlite-flight	12
1788821880	cqlite-flight	12
1788821895	cqlite-flight	12
1788821910	cqlite-flight	12
1788821925	cqlite-flight	12
1788821940	cqlite-flight	12
1788821955	cqlite-flight	12
1788821970	cqlite-flight	12
1788821985	cqlite-flight	12
1788822000	cqlite-flight	12
1788822015	cqlite-flight	12
1788822030	cqlite-flight	12
1788822045	cqlite-flight	12
1788822060	cqlite-flight	12
1788822075	cqlite-flight	12
1788822090	cqlite-flight	12
1788822105	cqlite-flight	12
1788822120	cqlite-flight	12
1788822135	cqlite-flight	12
1788822150	cqlite-flight	12
1788822165	cqlite-flight	12
1788822180	cqlite-flight	12
1788822195	cqlite-flight	12
1788822210	cqlite-flight	12
1788822225	cqlite-flight	12
1788822240	cqlite-flight	12
1788822255	cqlite-flight	12
1788822270	cqlite-flight	12
1788822285	cqlite-flight	12
1788822300	cqlite-flight	12
1788822315	cqlite-flight	12
1788822330	cqlite-flight	12
1788822345	cqlite-flight	12
1788822360	cqlite-flight	12
1788822375	cqlite-flight	12
1788822390	cqlite-flight	12
1788822405	cqlite-flight	12
1788822420	cqlite-flight	12
1788822435	cqlite-flight	12
1788822450	cqlite-flight	12
1788822465	cqlite-flight	12
1788822480	cqlite-flight	12
1788822495	cqlite-flight	12
1788822510	cqlite-flight	12
1788822525	cqlite-flight	12
1788822540	cqlite-flight	12
1788822555	cqlite-flight	12
1788822570	cqlite-flight	12
1788822585	cqlite-flight	12
1788822600	cqlite-flight	12
1788822615	cqlite-flight	12
1788822630	cqlite-flight	12
1788822645	cqlite-flight	12
1788822660	cqlite-flight	12
1788822675	cqlite-flight	12
1788822690	cqlite-flight	12
1788822705	cqlite-flight	12
1788822720	cqlite-flight	12
1788822735	cqlite-flight	12
1788822750	cqlite-flight	12
1788822765	cqlite-flight	12
1788822780	cqlite-flight	12
1788822795	cqlite-flight	12
1788822810	cqlite-flight	12
1788822825	cqlite-flight	12
1788822840	cqlite-flight	12
1788822855	cqlite-flight	12
1788822870	cqlite-flight	12
1788822885	cqlite-flight	12
1788822900	cqlite-flight	12
1788822915	cqlite-flight	12
1788822930	cqlite-flight	12
1788822945	cqlite-flight	12
1788822960	cqlite-flight	12
1788822975	cqlite-flight	12
1788822990	cqlite-flight	12
1788823005	cqlite-flight	12
1788823020	cqlite-flight	12
1788823035	cqlite-flight	12
1788823050	cqlite-flight	12
1788823065	cqlite-flight	12
1788823080	cqlite-flight	12
1788823095	cqlite-flight	12
1788823110	cqlite-flight	12
1788823125	cqlite-flight	12
1788823140	cqlite-flight	12
1788823155	cqlite-flight	12
1788823170	cqlite-flight	12
1788823185	cqlite-flight	12
1788823200	cqlite-flight	12
1788823215	cqlite-flight	12
1788823230	cqlite-flight	12
1788823245	cqlite-flight	12
1788823260	cqlite-flight	12
1788823275	cqlite-flight	12
1788823290	cqlite-flight	12
1788823305	cqlite-flight	12
1788823320	cqlite-flight	12
1788823335	cqlite-flight	12
1788823350	cqlite-flight	12
1788823365	cqlite-flight	12
1788823380	cqlite-flight	12
1788823395	cqlite-flight	12
1788823410	cqlite-flight	12
1788823425	cqlite-flight	12
1788823440	cqlite-flight	12
1788823455	cqlite-flight	12
1788823470	cqlite-flight	12
1788823485	cqlite-flight	12
1788823500	cqlite-flight	12
1788823515	cqlite-flight	12
1788823530	cqlite-flight	12
1788823545	cqlite-flight	12
1788823560	cqlite-flight	12
1788823575	cqlite-flight	12
1788823590	cqlite-flight	12
1788823605	cqlite-flight	12
1788823620	cqlite-flight	12
1788823635	cqlite-flight	12
1788823650	cqlite-flight	12
1788823665	cqlite-flight	12
1788823680	cqlite-flight	12
1788823695	cqlite-flight	12
1788823710	cqlite-flight	12
1788823725	cqlite-flight	12
1788823740	cqlite-flight	12
1788823755	cqlite-flight	12
1788823770	cqlite-flight	12
1788823785	cqlite-flight	12
1788823800	cqlite-flight	12
1788823815	cqlite-flight	12
1788823830	cqlite-flight	12
1788823845	cqlite-flight	12
1788823860	cqlite-flight	12
1788823875	cqlite-flight	12
1788823890	cqlite-flight	12
1788823905	cqlite-flight	12
1788823920	cqlite-flight	12
1788823935	cqlite-flight	12
1788823950	cqlite-flight	12
1788823965	cqlite-flight	12
1788823980	cqlite-flight	12
1788823995	cqlite-flight	12
1788824010	cqlite-flight	12
1788824025	cqlite-flight	12
1788824040	cqlite-flight	12
1788824055	cqlite-flight	12
1788824070	cqlite-flight	12
1788824085	cqlite-flight	12
1788824100	cqlite-flight	12
1788824115	cqlite-flight	12
1788824130	cqlite-flight	12
1788824145	cqlite-flight	12
1788824160	cqlite-flight	12
1788824175	cqlite-flight	12
1788824190	cqlite-flight	12
1788824205	cqlite-flight	12
1788824220	cqlite-flight	12
1788824235	cqlite-flight	12
1788824250	cqlite-flight	12
1788824265	cqlite-flight	12
1788824280	cqlite-flight	12
1788824295	cqlite-flight	12
1788824310	cqlite-flight	12
1788824325	cqlite-flight	12
1788824340	cqlite-flight	12
1788824355	cqlite-flight	12
1788824370	cqlite-flight	12
1788824385	cqlite-flight	12
1788824400	cqlite-flight	12
1788824415	cqlite-flight	12
1788824430	cqlite-flight	12
1788824445	cqlite-flight	12
1788824460	cqlite-flight	12
1788824475	cqlite-flight	12
1788824490	cqlite-flight	12
1788824505	cqlite-flight	12
1788824520	cqlite-flight	12
1788824535	cqlite-flight	12
1788824550	cqlite-flight	12
1788824565	cqlite-flight	12
1788824580	cqlite-flight	12
1788824595	cqlite-flight	12
1788824610	cqlite-flight	12
1788824625	cqlite-flight	12
1788824640	cqlite-flight	12
1788824655	cqlite-flight	12
1788824670	cqlite-flight	12
1788824685	cqlite-flight	12
1788824700	cqlite-flight	12
1788824715	cqlite-flight	12
1788824730	cqlite-flight	12
1788824745	cqlite-flight	12
1788824760	cqlite-flight	12
1788824775	cqlite-flight	12
1788824790	cqlite-flight	12
1788824805	cqlite-flight	12
1788824820	cqlite-flight	12
1788824835	cqlite-flight	12
1788824850	cqlite-flight	12
1788824865	cqlite-flight	12
1788824880	cqlite-flight	12
1788824895	cqlite-flight	12
1788824910	cqlite-flight	12
1788824925	cqlite-flight	12
1788824940	cqlite-flight	12
1788824955	cqlite-flight	12
1788824970	cqlite-flight	12
1788824985	cqlite-flight	12
1788825000	cqlite-flight	12
1788825015	cqlite-flight	12
1788825030	cqlite-flight	12
1788825045	cqlite-flight	12
1788825060	cqlite-flight	12
1788825075	cqlite-flight	12
1788825090	cqlite-flight	12
1788825105	cqlite-flight	12
1788825120	cqlite-flight	12
1788825135	cqlite-flight	12
1788825150	cqlite-flight	12
1788825165	cqlite-flight	12
1788825180	cqlite-flight	12
1788825195	cqlite-flight	12
1788825210	cqlite-flight	12
1788825225	cqlite-flight	12
1788825240	cqlite-flight	12
1788825255	cqlite-flight	12
1788825270	cqlite-flight	12
1788825285	cqlite-flight	12
1788825300	cqlite-flight	12
1788825315	cqlite-flight	12
1788825330	cqlite-flight	12
1788825345	cqlite-flight	12
1788825360	cqlite-flight	12
1788825375	cqlite-flight	12
1788825390	cqlite-flight	12
1788825405	cqlite-flight	12
1788825420	cqlite-flight	12
1788825435	cqlite-flight	12
1788825450	cqlite-flight	12
1788825465	cqlite-flight	12
1788825480	cqlite-flight	12
1788825495	cqlite-flight	12
1788825510	cqlite-flight	12
1788825525	cqlite-flight	12
1788825540	cqlite-flight	12
1788825555	cqlite-flight	12
1788825570	cqlite-flight	12
1788825585	cqlite-flight	12
1788825600	cqlite-flight	12
1788825615	cqlite-flight	12
1788825630	cqlite-flight	12
1788825645	cqlite-flight	12
1788825660	cqlite-flight	12
1788825675	cqlite-flight	12
1788825690	cqlite-flight	12
1788825705	cqlite-flight	12
1788825720	cqlite-flight	12
1788825735	cqlite-flight	12
1788825750	cqlite-flight	12
1788825765	cqlite-flight	12
1788825780	cqlite-flight	12
1788825795	cqlite-flight	12
1788825810	cqlite-flight	12
1788825825	cqlite-flight	12
1788825840	cqlite-flight	12
1788825855	cqlite-flight	12
1788825870	cqlite-flight	12
1788825885	cqlite-flight	12
1788825900	cqlite-flight	12
1788825915	cqlite-flight	12
1788825930	cqlite-flight	12
1788825945	cqlite-flight	12
1788825960	cqlite-flight	12
1788825975	cqlite-flight	12
1788825990	cqlite-flight	12
1788826005	cqlite-flight	12
1788826020	cqlite-flight	12
1788826035	cqlite-flight	12
1788826050	cqlite-flight	12
1788826065	cqlite-flight	12
1788826080	cqlite-flight	12
1788826095	cqlite-flight	12
1788826110	cqlite-flight	12
1788826125	cqlite-flight	12
1788826140	cqlite-flight	12
1788826155	cqlite-flight	12
1788826170	cqlite-flight	12
1788826185	cqlite-flight	12
1788826200	cqlite-flight	12
1788826215	cqlite-flight	12
1788826230	cqlite-flight	12
1788826245	cqlite-flight	12
1788826260	cqlite-flight	12
1788826275	cqlite-flight	12
1788826290	cqlite-flight	12
1788826305	cqlite-flight	12
1788826320	cqlite-flight	12
1788826335	cqlite-flight	12
1788826350	cqlite-flight	12
1788826365	cqlite-flight	12
1788826380	cqlite-flight	12
1788826395	cqlite-flight	12
1788826410	cqlite-flight	12
1788826425	cqlite-flight	12
1788826440	cqlite-flight	12
1788826455	cqlite-flight	12
1788826470	cqlite-flight	12
1788826485	cqlite-flight	12
1788826500	cqlite-flight	12
1788826515	cqlite-flight	12
1788826530	cqlite-flight	12
1788826545	cqlite-flight	12
1788826560	cqlite-flight	12
1788826575	cqlite-flight	12
1788826590	cqlite-flight	12
1788826605	cqlite-flight	12
1788826620	cqlite-flight	12
1788826635	cqlite-flight	12
1788826650	cqlite-flight	12
1788826665	cqlite-flight	12
1788826680	cqlite-flight	12
1788826695	cqlite-flight	12
1788826710	cqlite-flight	12
1788826725	cqlite-flight	12
1788826740	cqlite-flight	12
1788826755	cqlite-flight	12
1788826770	cqlite-flight	12
1788826785	cqlite-flight	12
1788826800	cqlite-flight	12
1788826815	cqlite-flight	12
1788826830	cqlite-flight	12
1788826845	cqlite-flight	12
1788826860	cqlite-flight	12
1788826875	cqlite-flight	12
1788826890	cqlite-flight	12
1788826905	cqlite-flight	12
1788826920	cqlite-flight	12
1788826935	cqlite-flight	12
1788826950	cqlite-flight	12
1788826965	cqlite-flight	12
1788826980	cqlite-flight	12
1788826995	cqlite-flight	12
1788827010	cqlite-flight	12
1788827025	cqlite-flight	12
1788827040	cqlite-flight	12
1788827055	cqlite-flight	12
1788827070	cqlite-flight	12
1788827085	cqlite-flight	12
1788827100	cqlite-flight	12
1788827115	cqlite-flight	12
1788827130	cqlite-flight	12
1788827145	cqlite-flight	12
1788827160	cqlite-flight	12
1788827175	cqlite-flight	12
1788827190	cqlite-flight	12
1788827205	cqlite-flight	12
1788827220	cqlite-flight	12
1788827235	cqlite-flight	12
1788827250	cqlite-flight	12
1788827265	cqlite-flight	12
1788827280	cqlite-flight	12
1788827295	cqlite-flight	12
1788827310	cqlite-flight	12
1788827325	cqlite-flight	12
1788827340	cqlite-flight	12
1788827355	cqlite-flight	12
1788827370	cqlite-flight	12
1788827385	cqlite-flight	12
1788827400	cqlite-flight	12
1788827415	cqlite-flight	12
1788827430	cqlite-flight	12
1788827445	cqlite-flight	12
1788827460	cqlite-flight	12
1788827475	cqlite-flight	12
1788827490	cqlite-flight	12
1788827505	cqlite-flight	12
1788827520	cqlite-flight	12
1788827535	cqlite-flight	12
1788827550	cqlite-flight	12
1788827565	cqlite-flight	12
1788827580	cqlite-flight	12
1788827595	cqlite-flight	12
1788827610	cqlite-flight	12
1788827625	cqlite-flight	12
1788827640	cqlite-flight	12
1788827655	cqlite-flight	12
1788827670	cqlite-flight	12
1788827685	cqlite-flight	12
1788827700	cqlite-flight	12
1788827715	cqlite-flight	12
1788827730	cqlite-flight	12
1788827745	cqlite-flight	12
1788827760	cqlite-flight	12
1788827775	cqlite-flight	12
1788827790	cqlite-flight	12
1788827805	cqlite-flight	12
1788827820	cqlite-flight	12
1788827835	cqlite-flight	12
1788827850	cqlite-flight	12
1788827865	cqlite-flight	12
1788827880	cqlite-flight	12
1788827895	cqlite-flight	12
1788827910	cqlite-flight	12
1788827925	cqlite-flight	12
1788827940	cqlite-flight	12
1788827955	cqlite-flight	12
1788827970	cqlite-flight	12
1788827985	cqlite-flight	12
1788828000	cqlite-flight	12
1788828015	cqlite-flight	12
1788828030	cqlite-flight	12
1788828045	cqlite-flight	12
1788828060	cqlite-flight	12
1788828075	cqlite-flight	12
1788828090	cqlite-flight	12
1788828105	cqlite-flight	12
1788828120	cqlite-flight	12
1788828135	cqlite-flight	12
1788828150	cqlite-flight	12
1788828165	cqlite-flight	12
1788828180	cqlite-flight	12
1788828195	cqlite-flight	12
1788828210	cqlite-flight	12
1788828225	cqlite-flight	12
1788828240	cqlite-flight	12
1788828255	cqlite-flight	12
1788828270	cqlite-flight	12
1788828285	cqlite-flight	12
1788828300	cqlite-flight	12
1788828315	cqlite-flight	12
1788828330	cqlite-flight	12
1788828345	cqlite-flight	12
1788828360	cqlite-flight	12
1788828375	cqlite-flight	12
1788828390	cqlite-flight	12
1788828405	cqlite-flight	12
1788828420	cqlite-flight	12
1788828435	cqlite-flight	12
1788828450	cqlite-flight	12
1788828465	cqlite-flight	12
1788828480	cqlite-flight	12
1788828495	cqlite-flight	12
1788828510	cqlite-flight	12
1788828525	cqlite-flight	12
1788828540	cqlite-flight	12
1788828555	cqlite-flight	12
1788828570	cqlite-flight	12
1788828585	cqlite-flight	12
1788828600	cqlite-flight	12
1788828615	cqlite-flight	12
1788828630	cqlite-flight	12
1788828645	cqlite-flight	12
1788828660	cqlite-flight	12
1788828675	cqlite-flight	12
1788828690	cqlite-flight	12
1788828705	cqlite-flight	12
1788828720	cqlite-flight	12
1788828735	cqlite-flight	12
1788828750	cqlite-flight	12
1788828765	cqlite-flight	12
1788828780	cqlite-flight	12
1788828795	cqlite-flight	12
1788828810	cqlite-flight	12
1788828825	cqlite-flight	12
1788828840	cqlite-flight	12
1788828855	cqlite-flight	12
1788828870	cqlite-flight	12
1788828885	cqlite-flight	12
1788828900	cqlite-flight	12
1788828915	cqlite-flight	12
1788828930	cqlite-flight	12
1788828945	cqlite-flight	12
1788828960	cqlite-flight	12
1788828975	cqlite-flight	12
1788828990	cqlite-flight	12
1788829005	cqlite-flight	12
1788829020	cqlite-flight	12
1788829035	cqlite-flight	12
1788829050	cqlite-flight	12
1788829065	cqlite-flight	12
1788829080	cqlite-flight	12
1788829095	cqlite-flight	12
1788829110	cqlite-flight	12
1788829125	cqlite-flight	12
1788829140	cqlite-flight	12
1788829155	cqlite-flight	12
1788829170	cqlite-flight	12
1788829185	cqlite-flight	12
1788829200	cqlite-flight	12
1788829215	cqlite-flight	12
1788829230	cqlite-flight	12
1788829245	cqlite-flight	12
1788829260	cqlite-flight	12
1788829275	cqlite-flight	12
1788829290	cqlite-flight	12
1788829305	cqlite-flight	12
1788829320	cqlite-flight	12
1788829335	cqlite-flight	12
1788829350	cqlite-flight	12
1788829365	cqlite-flight	12
1788829380	cqlite-flight	12
1788829395	cqlite-flight	12
1788829410	cqlite-flight	12
1788829425	cqlite-flight	12
1788829440	cqlite-flight	12
1788829455	cqlite-flight	12
1788829470	cqlite-flight	12
1788829485	cqlite-flight	12
1788829500	cqlite-flight	12
1788829515	cqlite-flight	12
1788829530	cqlite-flight	12
1788829545	cqlite-flight	12
1788829560	cqlite-flight	12
1788829575	cqlite-flight	12
1788829590	cqlite-flight	12
1788829605	cqlite-flight	12
1788829620	cqlite-flight	12
1788829635	cqlite-flight	12
1788829650	cqlite-flight	12
1788829665	cqlite-flight	12
1788829680	cqlite-flight	12
1788829695	cqlite-flight	12
1788829710	cqlite-flight	12
1788829725	cqlite-flight	12
1788829740	cqlite-flight	12
1788829755	cqlite-flight	12
1788829770	cqlite-flight	12
1788829785	cqlite-flight	12
1788829800	cqlite-flight	12
1788829815	cqlite-flight	12
1788829830	cqlite-flight	12
1788829845	cqlite-flight	12
1788829860	cqlite-flight	12
1788829875	cqlite-flight	12
1788829890	cqlite-flight	12
1788829905	cqlite-flight	12
1788829920	cqlite-flight	12
1788829935	cqlite-flight	12
1788829950	cqlite-flight	12
1788829965	cqlite-flight	12
1788829980	cqlite-flight	12
1788829995	cqlite-flight	12
1788830010	cqlite-flight	12
1788830025	cqlite-flight	12
1788830040	cqlite-flight	12
1788830055	cqlite-flight	12
1788830070	cqlite-flight	12
1788830085	cqlite-flight	12
1788830100	cqlite-flight	12
1788830115	cqlite-flight	12
1788830130	cqlite-flight	12
1788830145	cqlite-flight	12
1788830160	cqlite-flight	12
1788830175	cqlite-flight	12
1788830190	cqlite-flight	12
1788830205	cqlite-flight	12
1788830220	cqlite-flight	12
1788830235	cqlite-flight	12
1788830250	cqlite-flight	12
1788830265	cqlite-flight	12
1788830280	cqlite-flight	12
1788830295	cqlite-flight	12
1788830310	cqlite-flight	12
1788830325	cqlite-flight	12
1788830340	cqlite-flight	12
1788830355	cqlite-flight	12
1788830370	cqlite-flight	12
1788830385	cqlite-flight	12
1788830400	cqlite-flight	12
1788830415	cqlite-flight	12
1788830430	cqlite-flight	12
1788830445	cqlite-flight	12
1788830460	cqlite-flight	12
1788830475	cqlite-flight	12
1788830490	cqlite-flight	12
1788830505	cqlite-flight	12
1788830520	cqlite-flight	12
1788830535	cqlite-flight	12
1788830550	cqlite-flight	12
1788830565	cqlite-flight	12
1788830580	cqlite-flight	12
1788830595	cqlite-flight	12
1788830610	cqlite-flight	12
1788830625	cqlite-flight	12
1788830640	cqlite-flight	12
1788830655	cqlite-flight	12
1788830670	cqlite-flight	12
1788830685	cqlite-flight	12
1788830700	cqlite-flight	12
1788830715	cqlite-flight	12
1788830730	cqlite-flight	12
1788830745	cqlite-flight	12
1788830760	cqlite-flight	12
1788830775	cqlite-flight	12
1788830790	cqlite-flight	12
1788830805	cqlite-flight	12
1788830820	cqlite-flight	12
1788830835	cqlite-flight	12
1788830850	cqlite-flight	12
1788830865	cqlite-flight	12
1788830880	cqlite-flight	12
1788830895	cqlite-flight	12
1788830910	cqlite-flight	12
1788830925	cqlite-flight	12
1788830940	cqlite-flight	12
1788830955	cqlite-flight	12
1788830970	cqlite-flight	12
1788830985	cqlite-flight	12
1788831000	cqlite-flight	12
1788831015	cqlite-flight	12
1788831030	cqlite-flight	12
1788831045	cqlite-flight	12
1788831060	cqlite-flight	12
1788831075	cqlite-flight	12
1788831090	cqlite-flight	12
1788831105	cqlite-flight	12
1788831120	cqlite-flight	12
1788831135	cqlite-flight	12
1788831150	cqlite-flight	12
1788831165	cqlite-flight	12
1788831180	cqlite-flight	12
1788831195	cqlite-flight	12
1788831210	cqlite-flight	12
1788831225	cqlite-flight	25
1788831240	cqlite-flight	25
1788831255	cqlite-flight	25
1788831270	cqlite-flight	25
1788831285	cqlite-flight	13
1788831300	cqlite-flight	13
1788831315	cqlite-flight	13
1788831330	cqlite-flight	13
1788831345	cqlite-flight	13
1788831360	cqlite-flight	13
1788831375	cqlite-flight	13
1788831390	cqlite-flight	13
1788831405	cqlite-flight	13
1788831420	cqlite-flight	13
1788831435	cqlite-flight	13
1788831450	cqlite-flight	13
1788831465	cqlite-flight	23
1788831480	cqlite-flight	23
1788831495	cqlite-flight	23
1788831510	cqlite-flight	23
1788831525	cqlite-flight	13
1788831540	cqlite-flight	13
1788831555	cqlite-flight	13
1788831570	cqlite-flight	13
1788831585	cqlite-flight	15
1788831600	cqlite-flight	15
1788831615	cqlite-flight	15
1788831630	cqlite-flight	15
1788831645	cqlite-flight	15
1788831660	cqlite-flight	15
1788831675	cqlite-flight	15
1788831690	cqlite-flight	15
1788831705	cqlite-flight	15
1788831720	cqlite-flight	15
1788831735	cqlite-flight	15
1788831750	cqlite-flight	15
1788831765	cqlite-flight	15
1788831780	cqlite-flight	15
1788831795	cqlite-flight	15
1788831810	cqlite-flight	15
1788831825	cqlite-flight	25
1788831840	cqlite-flight	25
1788831855	cqlite-flight	25
1788831870	cqlite-flight	25
1788831885	cqlite-flight	15
1788831900	cqlite-flight	15
1788831915	cqlite-flight	15
1788831930	cqlite-flight	15
1788831945	cqlite-flight	15
1788831960	cqlite-flight	15
1788831975	cqlite-flight	15
1788831990	cqlite-flight	15
1788832005	cqlite-flight	15
1788832020	cqlite-flight	15
1788832035	cqlite-flight	15
1788832050	cqlite-flight	15
1788832065	cqlite-flight	45
1788832080	cqlite-flight	45
1788832095	cqlite-flight	45
1788832110	cqlite-flight	45
1788832125	cqlite-flight	25
1788832140	cqlite-flight	25
1788832155	cqlite-flight	25
1788832170	cqlite-flight	25
1788832185	cqlite-flight	78
1788832200	cqlite-flight	78
1788832215	cqlite-flight	78
1788832230	cqlite-flight	78
1788832245	cqlite-flight	15
1788832260	cqlite-flight	15
1788832275	cqlite-flight	15
1788832290	cqlite-flight	15
1788832305	cqlite-flight	15
1788832320	cqlite-flight	15
1788832335	cqlite-flight	15
1788832350	cqlite-flight	15
1788832365	cqlite-flight	15
1788832380	cqlite-flight	15
1788832395	cqlite-flight	15
1788832410	cqlite-flight	15
1788832425	cqlite-flight	15
1788832440	cqlite-flight	15
1788832455	cqlite-flight	15
1788832470	cqlite-flight	15
1788832485	cqlite-flight	15
1788832500	cqlite-flight	15
1788832515	cqlite-flight	15
1788832530	cqlite-flight	15
1788832545	cqlite-flight	15
1788832560	cqlite-flight	15
1788832575	cqlite-flight	15
1788832590	cqlite-flight	15
1788832605	cqlite-flight	15
1788832620	cqlite-flight	15
1788832635	cqlite-flight	15
1788832650	cqlite-flight	15
1788832665	cqlite-flight	15
1788832680	cqlite-flight	15
1788832695	cqlite-flight	15
1788832710	cqlite-flight	15
1788832725	cqlite-flight	15
1788832740	cqlite-flight	15
1788832755	cqlite-flight	15
1788832770	cqlite-flight	15
1788832785	cqlite-flight	15
1788832800	cqlite-flight	15
1788832815	cqlite-flight	15
1788832830	cqlite-flight	15
1788832845	cqlite-flight	15
1788832860	cqlite-flight	15
1788832875	cqlite-flight	15
1788832890	cqlite-flight	15
1788832905	cqlite-flight	15
1788832920	cqlite-flight	15
1788832935	cqlite-flight	15
1788832950	cqlite-flight	15
1788832965	cqlite-flight	15
1788832980	cqlite-flight	15
1788832995	cqlite-flight	15
1788833010	cqlite-flight	15
1788833025	cqlite-flight	15
1788833040	cqlite-flight	15
1788833055	cqlite-flight	15
1788833070	cqlite-flight	15
1788833085	cqlite-flight	15
1788833100	cqlite-flight	15
1788833115	cqlite-flight	15
1788833130	cqlite-flight	15
1788833145	cqlite-flight	15
1788833160	cqlite-flight	15
1788833175	cqlite-flight	15
1788833190	cqlite-flight	15
1788833205	cqlite-flight	15
1788833220	cqlite-flight	15
1788833235	cqlite-flight	15
1788833250	cqlite-flight	15
1788833265	cqlite-flight	15
1788833280	cqlite-flight	15
1788833295	cqlite-flight	15
1788833310	cqlite-flight	15
1788833325	cqlite-flight	15
1788833340	cqlite-flight	15
1788833355	cqlite-flight	15
1788833370	cqlite-flight	15
1788833385	cqlite-flight	15
1788833400	cqlite-flight	15
1788833415	cqlite-flight	15
1788833430	cqlite-flight	15
1788833445	cqlite-flight	15
1788833460	cqlite-flight	15
1788833475	cqlite-flight	15
1788833490	cqlite-flight	15
1788833505	cqlite-flight	15
1788833520	cqlite-flight	15
1788833535	cqlite-flight	15
1788833550	cqlite-flight	15
1788833565	cqlite-flight	15
1788833580	cqlite-flight	15
1788833595	cqlite-flight	15
1788833610	cqlite-flight	15
1788833625	cqlite-flight	15
1788833640	cqlite-flight	15
1788833655	cqlite-flight	15
1788833670	cqlite-flight	15
1788833685	cqlite-flight	15
1788833700	cqlite-flight	15
1788833715	cqlite-flight	15
1788833730	cqlite-flight	15
1788833745	cqlite-flight	15
1788833760	cqlite-flight	15
1788833775	cqlite-flight	15
1788833790	cqlite-flight	16
1788833805	cqlite-flight	16
1788833820	cqlite-flight	16
1788833835	cqlite-flight	28
1788833850	cqlite-flight	28
1788833865	cqlite-flight	28
1788833880	cqlite-flight	28
1788833895	cqlite-flight	28
1788833910	cqlite-flight	28
1788833925	cqlite-flight	28
1788833940	cqlite-flight	28
1788833955	cqlite-flight	15
1788833970	cqlite-flight	15
1788833985	cqlite-flight	15
1788834000	cqlite-flight	15
1788834015	cqlite-flight	15
1788834030	cqlite-flight	15
1788834045	cqlite-flight	15
1788834060	cqlite-flight	15
1788834075	cqlite-flight	15
1788834090	cqlite-flight	15
1788834105	cqlite-flight	15
1788834120	cqlite-flight	15
1788834135	cqlite-flight	15
1788834150	cqlite-flight	15
1788834165	cqlite-flight	15
1788834180	cqlite-flight	15
1788834195	cqlite-flight	15
1788834210	cqlite-flight	15
1788834225	cqlite-flight	15
1788834240	cqlite-flight	15
1788834255	cqlite-flight	15
1788834270	cqlite-flight	15
1788834285	cqlite-flight	15
1788834300	cqlite-flight	15
1788834315	cqlite-flight	15
1788834330	cqlite-flight	15
1788834345	cqlite-flight	15
1788834360	cqlite-flight	15
1788834375	cqlite-flight	15
1788834390	cqlite-flight	15
1788834405	cqlite-flight	15
1788834420	cqlite-flight	15
1788834435	cqlite-flight	15
1788834450	cqlite-flight	15
1788834465	cqlite-flight	15
1788834480	cqlite-flight	15
1788834495	cqlite-flight	15
1788834510	cqlite-flight	15
1788834525	cqlite-flight	15
1788834540	cqlite-flight	15
1788834555	cqlite-flight	15
1788834570	cqlite-flight	15
1788834585	cqlite-flight	15
1788834600	cqlite-flight	15
1788834615	cqlite-flight	15
1788834630	cqlite-flight	15
1788834645	cqlite-flight	15
1788834660	cqlite-flight	15
1788834675	cqlite-flight	15
1788834690	cqlite-flight	15
1788834705	cqlite-flight	15
1788834720	cqlite-flight	15
1788834735	cqlite-flight	15
1788834750	cqlite-flight	15
1788834765	cqlite-flight	15
1788834780	cqlite-flight	15
1788834795	cqlite-flight	15
1788834810	cqlite-flight	15
1788834825	cqlite-flight	15
1788834840	cqlite-flight	15
1788834855	cqlite-flight	15
1788834870	cqlite-flight	15
1788834885	cqlite-flight	15
1788834900	cqlite-flight	15
1788834915	cqlite-flight	15
1788834930	cqlite-flight	15
1788834945	cqlite-flight	15
1788834960	cqlite-flight	15
1788834975	cqlite-flight	15
1788834990	cqlite-flight	15
1788835005	cqlite-flight	15
1788835020	cqlite-flight	15
1788835035	cqlite-flight	15
1788835050	cqlite-flight	15
1788835065	cqlite-flight	15
1788835080	cqlite-flight	15
1788835095	cqlite-flight	15
1788835110	cqlite-flight	15
1788835125	cqlite-flight	15
1788835140	cqlite-flight	15
1788835155	cqlite-flight	15
1788835170	cqlite-flight	15
1788835185	cqlite-flight	15
1788835200	cqlite-flight	15
1788835215	cqlite-flight	15
1788835230	cqlite-flight	15
1788835245	cqlite-flight	15
1788835260	cqlite-flight	15
1788835275	cqlite-flight	15
1788835290	cqlite-flight	15
1788835305	cqlite-flight	15
1788835320	cqlite-flight	15
1788835335	cqlite-flight	166
1788835350	cqlite-flight	166
1788835365	cqlite-flight	166
1788835380	cqlite-flight	166
1788835395	cqlite-flight	105
1788835410	cqlite-flight	105
1788835425	cqlite-flight	105
1788835440	cqlite-flight	105
1788835455	cqlite-flight	217
1788835470	cqlite-flight	217
1788835485	cqlite-flight	217
1788835500	cqlite-flight	217
1788835515	cqlite-flight	231
1788835530	cqlite-flight	231
1788835545	cqlite-flight	231
1788835560	cqlite-flight	231
1788835575	cqlite-flight	225
1788835590	cqlite-flight	225
1788835605	cqlite-flight	225
1788835620	cqlite-flight	225
1788835635	cqlite-flight	149
1788835650	cqlite-flight	149
1788835665	cqlite-flight	149
1788835680	cqlite-flight	149
1788835695	cqlite-flight	105
1788835710	cqlite-flight	105
1788835725	cqlite-flight	105
1788835740	cqlite-flight	105
1788835755	cqlite-flight	28
1788835770	cqlite-flight	28
1788835785	cqlite-flight	28
1788835800	cqlite-flight	28
1788835815	cqlite-flight	16
1788835830	cqlite-flight	16
1788835845	cqlite-flight	16
1788835860	cqlite-flight	16
1788835875	cqlite-flight	15
1788835890	cqlite-flight	15
1788835905	cqlite-flight	15
1788835920	cqlite-flight	15
1788835935	cqlite-flight	15
1788835950	cqlite-flight	15
1788835965	cqlite-flight	15
1788835980	cqlite-flight	15
1788835995	cqlite-flight	15
1788836010	cqlite-flight	15
1788836025	cqlite-flight	15
1788836040	cqlite-flight	15
1788836055	cqlite-flight	15
1788836070	cqlite-flight	15
1788836085	cqlite-flight	15
1788836100	cqlite-flight	15
1788836115	cqlite-flight	15
1788836130	cqlite-flight	15
1788836145	cqlite-flight	15
1788836160	cqlite-flight	15
1788836175	cqlite-flight	15
1788836190	cqlite-flight	15
1788836205	cqlite-flight	15
1788836220	cqlite-flight	15
1788836235	cqlite-flight	15
1788836250	cqlite-flight	15
1788836265	cqlite-flight	15
1788836280	cqlite-flight	15
1788836295	cqlite-flight	15
1788836310	cqlite-flight	15
1788836325	cqlite-flight	15
1788836340	cqlite-flight	15
1788836355	cqlite-flight	15
1788836370	cqlite-flight	15
1788836385	cqlite-flight	15
1788836400	cqlite-flight	15
1788836415	cqlite-flight	15
1788836430	cqlite-flight	15
1788836445	cqlite-flight	15
1788836460	cqlite-flight	15
1788836475	cqlite-flight	15
1788836490	cqlite-flight	15
1788836505	cqlite-flight	15
1788836520	cqlite-flight	15
1788836535	cqlite-flight	15
1788836550	cqlite-flight	15
1788836565	cqlite-flight	15
1788836580	cqlite-flight	15
1788836595	cqlite-flight	15
1788836610	cqlite-flight	15
1788836625	cqlite-flight	15
1788836640	cqlite-flight	15
1788836655	cqlite-flight	15
1788836670	cqlite-flight	15
1788836685	cqlite-flight	15
1788836700	cqlite-flight	15
1788836715	cqlite-flight	15
1788836730	cqlite-flight	15
1788836745	cqlite-flight	15
1788836760	cqlite-flight	15
1788836775	cqlite-flight	15
1788836790	cqlite-flight	15
1788836805	cqlite-flight	15
1788836820	cqlite-flight	15
1788836835	cqlite-flight	15
1788836850	cqlite-flight	15
1788836865	cqlite-flight	15
1788836880	cqlite-flight	15
1788836895	cqlite-flight	15
1788836910	cqlite-flight	15
1788836925	cqlite-flight	15
1788836940	cqlite-flight	15
1788836955	cqlite-flight	15
1788836970	cqlite-flight	15
1788836985	cqlite-flight	15
1788837000	cqlite-flight	15
1788837015	cqlite-flight	15
1788837030	cqlite-flight	15
1788837045	cqlite-flight	15
1788837060	cqlite-flight	15
1788837075	cqlite-flight	15
1788837090	cqlite-flight	15
1788837105	cqlite-flight	15
1788837120	cqlite-flight	15
1788837135	cqlite-flight	15
1788837150	cqlite-flight	15
1788837165	cqlite-flight	15
1788837180	cqlite-flight	15
1788837195	cqlite-flight	15
1788837210	cqlite-flight	15
1788837225	cqlite-flight	15
1788837240	cqlite-flight	15
1788837255	cqlite-flight	15
1788837270	cqlite-flight	15
1788837285	cqlite-flight	15
1788837300	cqlite-flight	15
1788837315	cqlite-flight	15
1788837330	cqlite-flight	15
1788837345	cqlite-flight	15
1788837360	cqlite-flight	15
1788837375	cqlite-flight	15
1788837390	cqlite-flight	15
1788837405	cqlite-flight	15
1788837420	cqlite-flight	15
1788837435	cqlite-flight	15
1788837450	cqlite-flight	15
1788837465	cqlite-flight	15
1788837480	cqlite-flight	15
1788837495	cqlite-flight	15
1788837510	cqlite-flight	15
1788837525	cqlite-flight	15
1788837540	cqlite-flight	15
1788837555	cqlite-flight	15
1788837570	cqlite-flight	15
1788837585	cqlite-flight	15
1788837600	cqlite-flight	15
1788837615	cqlite-flight	15
1788837630	cqlite-flight	15
1788837645	cqlite-flight	15
1788837660	cqlite-flight	15
1788837675	cqlite-flight	15
1788837690	cqlite-flight	15
1788837705	cqlite-flight	15
1788837720	cqlite-flight	15
1788837735	cqlite-flight	15
1788837750	cqlite-flight	15
1788837765	cqlite-flight	15
1788837780	cqlite-flight	15
1788837795	cqlite-flight	15
1788837810	cqlite-flight	15
1788837825	cqlite-flight	15
1788837840	cqlite-flight	15
1788837855	cqlite-flight	15
1788837870	cqlite-flight	15
1788837885	cqlite-flight	15
1788837900	cqlite-flight	15
1788837915	cqlite-flight	15
1788837930	cqlite-flight	15
1788837945	cqlite-flight	15
1788837960	cqlite-flight	15
1788837975	cqlite-flight	15
1788837990	cqlite-flight	15
1788838005	cqlite-flight	15
1788838020	cqlite-flight	15
1788838035	cqlite-flight	15
1788838050	cqlite-flight	15
1788838065	cqlite-flight	15
1788838080	cqlite-flight	15
1788838095	cqlite-flight	15
1788838110	cqlite-flight	15
1788838125	cqlite-flight	15
1788838140	cqlite-flight	15
1788838155	cqlite-flight	15
1788838170	cqlite-flight	15
1788838185	cqlite-flight	15
1788838200	cqlite-flight	15
1788838215	cqlite-flight	15
1788838230	cqlite-flight	15
1788838245	cqlite-flight	15
1788838260	cqlite-flight	15
1788838275	cqlite-flight	21
1788838290	cqlite-flight	21
1788838305	cqlite-flight	21
1788838320	cqlite-flight	21
1788838335	cqlite-flight	25
1788838350	cqlite-flight	25
1788838365	cqlite-flight	25
1788838380	cqlite-flight	25
1788838395	cqlite-flight	25
1788838410	cqlite-flight	25
1788838425	cqlite-flight	25
1788838440	cqlite-flight	25
1788838455	cqlite-flight	26
1788838470	cqlite-flight	26
1788838485	cqlite-flight	26
1788838500	cqlite-flight	26
1788838515	cqlite-flight	31
1788838530	cqlite-flight	31
1788838545	cqlite-flight	31
1788838560	cqlite-flight	31
1788838575	cqlite-flight	31
1788838590	cqlite-flight	31
1788838605	cqlite-flight	31
1788838620	cqlite-flight	31
1788838635	cqlite-flight	31
1788838650	cqlite-flight	31
1788838665	cqlite-flight	31
1788838680	cqlite-flight	31
1788838695	cqlite-flight	33
1788838710	cqlite-flight	33
1788838725	cqlite-flight	33
1788838740	cqlite-flight	33
1788838755	cqlite-flight	33
1788838770	cqlite-flight	33
1788838785	cqlite-flight	33
1788838800	cqlite-flight	33
1788838815	cqlite-flight	168
1788838830	cqlite-flight	168
1788838845	cqlite-flight	168
1788838860	cqlite-flight	168
1788838875	cqlite-flight	35
1788838890	cqlite-flight	35
1788838905	cqlite-flight	35
1788838920	cqlite-flight	35
1788838935	cqlite-flight	107
1788838950	cqlite-flight	107
1788838965	cqlite-flight	107
1788838980	cqlite-flight	107
1788838995	cqlite-flight	35
1788839010	cqlite-flight	35
1788839025	cqlite-flight	35
1788839040	cqlite-flight	35
1788839055	cqlite-flight	38
1788839070	cqlite-flight	38
1788839085	cqlite-flight	38
1788839100	cqlite-flight	38
1788839115	cqlite-flight	99
1788839130	cqlite-flight	99
1788839145	cqlite-flight	99
1788839160	cqlite-flight	99
1788839175	cqlite-flight	15
1788839190	cqlite-flight	15
1788839205	cqlite-flight	15
1788839220	cqlite-flight	15
1788839235	cqlite-flight	103
1788839250	cqlite-flight	103
1788839265	cqlite-flight	103
1788839280	cqlite-flight	103
1788839295	cqlite-flight	16
1788839310	cqlite-flight	16
1788839325	cqlite-flight	16
1788839340	cqlite-flight	16
1788839355	cqlite-flight	31
1788839370	cqlite-flight	31
1788839385	cqlite-flight	31
1788839400	cqlite-flight	31
1788839415	cqlite-flight	16
1788839430	cqlite-flight	16
1788839445	cqlite-flight	16
1788839460	cqlite-flight	16
1788839475	cqlite-flight	15
1788839490	cqlite-flight	15
1788839505	cqlite-flight	15
1788839520	cqlite-flight	15
1788839535	cqlite-flight	23
1788839550	cqlite-flight	23
1788839565	cqlite-flight	23
1788839580	cqlite-flight	23
1788839595	cqlite-flight	26
1788839610	cqlite-flight	26
1788839625	cqlite-flight	26
1788839640	cqlite-flight	26
1788839655	cqlite-flight	73
1788839670	cqlite-flight	73
1788839685	cqlite-flight	73
1788839700	cqlite-flight	73
1788839715	cqlite-flight	71
1788839730	cqlite-flight	71
1788839745	cqlite-flight	71
1788839760	cqlite-flight	71
1788839775	cqlite-flight	15
1788839790	cqlite-flight	15
1788839805	cqlite-flight	15
1788839820	cqlite-flight	15
1788839835	cqlite-flight	15
1788839850	cqlite-flight	15
1788839865	cqlite-flight	15
1788839880	cqlite-flight	15
1788839895	cqlite-flight	15
1788839910	cqlite-flight	15
1788839925	cqlite-flight	15
1788839940	cqlite-flight	15
1788839955	cqlite-flight	15
1788839970	cqlite-flight	15
1788839985	cqlite-flight	15
1788840000	cqlite-flight	15
1788840015	cqlite-flight	15
1788840030	cqlite-flight	15
1788840045	cqlite-flight	15
1788840060	cqlite-flight	15
1788840075	cqlite-flight	15
1788840090	cqlite-flight	15
1788840105	cqlite-flight	15
1788840120	cqlite-flight	15
1788840135	cqlite-flight	15
1788840150	cqlite-flight	15
1788840165	cqlite-flight	15
1788840180	cqlite-flight	15
1788840195	cqlite-flight	15
1788840210	cqlite-flight	15
1788840225	cqlite-flight	15
1788840240	cqlite-flight	15
1788840255	cqlite-flight	15
1788840270	cqlite-flight	15
1788840285	cqlite-flight	15
1788840300	cqlite-flight	15
1788840315	cqlite-flight	15
1788840330	cqlite-flight	15
1788840345	cqlite-flight	15
1788840360	cqlite-flight	15
1788840375	cqlite-flight	15
1788840390	cqlite-flight	15
1788840405	cqlite-flight	15
1788840420	cqlite-flight	15
1788840435	cqlite-flight	15
1788840450	cqlite-flight	15
1788840465	cqlite-flight	15
1788840480	cqlite-flight	15
1788840495	cqlite-flight	15
1788840510	cqlite-flight	15
1788840525	cqlite-flight	15
1788840540	cqlite-flight	15
1788840555	cqlite-flight	15
1788840570	cqlite-flight	15
1788840585	cqlite-flight	15
1788840600	cqlite-flight	15
1788840615	cqlite-flight	15
1788840630	cqlite-flight	15
1788840645	cqlite-flight	15
1788840660	cqlite-flight	15
1788840675	cqlite-flight	15
1788840690	cqlite-flight	15
1788840705	cqlite-flight	15
1788840720	cqlite-flight	15
1788840735	cqlite-flight	15
1788840750	cqlite-flight	15
1788840765	cqlite-flight	15
1788840780	cqlite-flight	15
1788840795	cqlite-flight	15
1788840810	cqlite-flight	15
1788840825	cqlite-flight	15
1788840840	cqlite-flight	15
1788840855	cqlite-flight	15
1788840870	cqlite-flight	15
1788840885	cqlite-flight	15
1788840900	cqlite-flight	15
1788840915	cqlite-flight	15
1788840930	cqlite-flight	15
1788840945	cqlite-flight	15
1788840960	cqlite-flight	15
1788840975	cqlite-flight	15
1788840990	cqlite-flight	15
1788841005	cqlite-flight	15
1788841020	cqlite-flight	15
1788841035	cqlite-flight	15
1788841050	cqlite-flight	15
1788841065	cqlite-flight	15
1788841080	cqlite-flight	15
1788841095	cqlite-flight	15
1788841110	cqlite-flight	15
1788841125	cqlite-flight	15
1788841140	cqlite-flight	15
1788841155	cqlite-flight	15
1788812745	cqlite-flight	12
1788812760	cqlite-flight	12
1788812775	cqlite-flight	12
1788812790	cqlite-flight	12
1788812805	cqlite-flight	12
1788812820	cqlite-flight	12
1788812835	cqlite-flight	12
1788812850	cqlite-flight	12
1788812865	cqlite-flight	12
1788812880	cqlite-flight	12
1788812895	cqlite-flight	12
1788812910	cqlite-flight	12
1788812925	cqlite-flight	12
1788812940	cqlite-flight	12
1788812955	cqlite-flight	12
1788812970	cqlite-flight	12
1788812985	cqlite-flight	12
1788813000	cqlite-flight	12
1788813015	cqlite-flight	12
1788813030	cqlite-flight	12
1788813045	cqlite-flight	12
1788813060	cqlite-flight	12
1788813075	cqlite-flight	12
1788813090	cqlite-flight	12
1788813105	cqlite-flight	12
1788813120	cqlite-flight	12
1788813135	cqlite-flight	12
1788813150	cqlite-flight	12
1788813165	cqlite-flight	12
1788813180	cqlite-flight	12
1788813195	cqlite-flight	12
1788813210	cqlite-flight	12
1788813225	cqlite-flight	12
1788813240	cqlite-flight	12
1788813255	cqlite-flight	12
1788813270	cqlite-flight	12
1788813285	cqlite-flight	12
1788813300	cqlite-flight	12
1788813315	cqlite-flight	12
1788813330	cqlite-flight	12
1788813345	cqlite-flight	12
1788813360	cqlite-flight	12
1788813375	cqlite-flight	12
1788813390	cqlite-flight	12
1788813405	cqlite-flight	12
1788813420	cqlite-flight	12
1788813435	cqlite-flight	12
1788813450	cqlite-flight	12
1788813465	cqlite-flight	12
1788813480	cqlite-flight	12
1788813495	cqlite-flight	12
1788813510	cqlite-flight	12
1788813525	cqlite-flight	12
1788813540	cqlite-flight	12
1788813555	cqlite-flight	12
1788813570	cqlite-flight	12
1788813585	cqlite-flight	12
1788813600	cqlite-flight	12
1788813615	cqlite-flight	12
1788813630	cqlite-flight	12
1788813645	cqlite-flight	12
1788813660	cqlite-flight	12
1788813675	cqlite-flight	12
1788813690	cqlite-flight	12
1788813705	cqlite-flight	12
1788813720	cqlite-flight	12
1788813735	cqlite-flight	12
1788813750	cqlite-flight	12
1788813765	cqlite-flight	12
1788813780	cqlite-flight	12
1788813795	cqlite-flight	12
1788813810	cqlite-flight	12
1788813825	cqlite-flight	12
1788813840	cqlite-flight	12
1788813855	cqlite-flight	12
1788813870	cqlite-flight	12
1788813885	cqlite-flight	12
1788813900	cqlite-flight	12
1788813915	cqlite-flight	12
1788813930	cqlite-flight	12
1788813945	cqlite-flight	12
1788813960	cqlite-flight	12
1788813975	cqlite-flight	12
1788813990	cqlite-flight	12
1788814005	cqlite-flight	12
1788814020	cqlite-flight	12
1788814035	cqlite-flight	12
1788814050	cqlite-flight	12
1788814065	cqlite-flight	12
1788814080	cqlite-flight	12
1788814095	cqlite-flight	12
1788814110	cqlite-flight	12
1788814125	cqlite-flight	12
1788814140	cqlite-flight	12
1788814155	cqlite-flight	12
1788814170	cqlite-flight	12
1788814185	cqlite-flight	12
1788814200	cqlite-flight	12
1788814215	cqlite-flight	12
1788814230	cqlite-flight	12
1788814245	cqlite-flight	12
1788814260	cqlite-flight	12
1788814275	cqlite-flight	12
1788814290	cqlite-flight	12
1788814305	cqlite-flight	12
1788814320	cqlite-flight	12
1788814335	cqlite-flight	12
1788814350	cqlite-flight	12
1788814365	cqlite-flight	12
1788814380	cqlite-flight	12
1788814395	cqlite-flight	12
1788814410	cqlite-flight	12
1788814425	cqlite-flight	12
1788814440	cqlite-flight	12
1788814455	cqlite-flight	12
1788814470	cqlite-flight	12
1788814485	cqlite-flight	12
1788814500	cqlite-flight	12
1788814515	cqlite-flight	12
1788814530	cqlite-flight	12
1788814545	cqlite-flight	12
1788814560	cqlite-flight	12
1788814575	cqlite-flight	12
1788814590	cqlite-flight	12
1788814605	cqlite-flight	12
1788814620	cqlite-flight	12
1788814635	cqlite-flight	12
1788814650	cqlite-flight	12
1788814665	cqlite-flight	12
1788814680	cqlite-flight	12
1788814695	cqlite-flight	12
1788814710	cqlite-flight	12
1788814725	cqlite-flight	12
1788814740	cqlite-flight	12
1788814755	cqlite-flight	12
1788814770	cqlite-flight	12
1788814785	cqlite-flight	12
1788814800	cqlite-flight	12
1788814815	cqlite-flight	12
1788814830	cqlite-flight	12
1788814845	cqlite-flight	12
1788814860	cqlite-flight	12
1788814875	cqlite-flight	12
1788814890	cqlite-flight	12
1788814905	cqlite-flight	12
1788814920	cqlite-flight	12
1788814935	cqlite-flight	12
1788814950	cqlite-flight	12
1788814965	cqlite-flight	12
1788814980	cqlite-flight	12
1788814995	cqlite-flight	12
1788815010	cqlite-flight	12
1788815025	cqlite-flight	12
1788815040	cqlite-flight	12
1788815055	cqlite-flight	12
1788815070	cqlite-flight	12
1788815085	cqlite-flight	12
1788815100	cqlite-flight	12
1788815115	cqlite-flight	12
1788815130	cqlite-flight	12
1788815145	cqlite-flight	12
1788815160	cqlite-flight	12
1788815175	cqlite-flight	12
1788815190	cqlite-flight	12
1788815205	cqlite-flight	12
1788815220	cqlite-flight	12
1788815235	cqlite-flight	12
1788815250	cqlite-flight	12
1788815265	cqlite-flight	12
1788815280	cqlite-flight	12
1788815295	cqlite-flight	12
1788815310	cqlite-flight	12
1788815325	cqlite-flight	12
1788815340	cqlite-flight	12
1788815355	cqlite-flight	12
1788815370	cqlite-flight	12
1788815385	cqlite-flight	12
1788815400	cqlite-flight	12
1788815415	cqlite-flight	12
1788815430	cqlite-flight	12
1788815445	cqlite-flight	12
1788815460	cqlite-flight	12
1788815475	cqlite-flight	12
1788815490	cqlite-flight	12
1788815505	cqlite-flight	12
1788815520	cqlite-flight	12
1788815535	cqlite-flight	12
1788815550	cqlite-flight	12
1788815565	cqlite-flight	12
1788815580	cqlite-flight	12
1788815595	cqlite-flight	12
1788815610	cqlite-flight	12
1788815625	cqlite-flight	12
1788815640	cqlite-flight	12
1788815655	cqlite-flight	12
1788815670	cqlite-flight	12
1788815685	cqlite-flight	12
1788815700	cqlite-flight	12
1788815715	cqlite-flight	12
1788815730	cqlite-flight	12
1788815745	cqlite-flight	12
1788815760	cqlite-flight	12
1788815775	cqlite-flight	12
1788815790	cqlite-flight	12
1788815805	cqlite-flight	12
1788815820	cqlite-flight	12
1788815835	cqlite-flight	12
1788815850	cqlite-flight	12
1788815865	cqlite-flight	12
1788815880	cqlite-flight	12
1788815895	cqlite-flight	12
1788815910	cqlite-flight	12
1788815925	cqlite-flight	12
1788815940	cqlite-flight	12
1788815955	cqlite-flight	12
1788815970	cqlite-flight	12
1788815985	cqlite-flight	12
1788816000	cqlite-flight	12
1788816015	cqlite-flight	12
1788816030	cqlite-flight	12
1788816045	cqlite-flight	12
1788816060	cqlite-flight	12
1788816075	cqlite-flight	12
1788816090	cqlite-flight	12
1788816105	cqlite-flight	12
1788816120	cqlite-flight	12
1788816135	cqlite-flight	12
1788816150	cqlite-flight	12
1788816165	cqlite-flight	12
1788816180	cqlite-flight	12
1788816195	cqlite-flight	12
1788816210	cqlite-flight	12
1788816225	cqlite-flight	12
1788816240	cqlite-flight	12
1788816255	cqlite-flight	12
1788816270	cqlite-flight	12
1788816285	cqlite-flight	12
1788816300	cqlite-flight	12
1788816315	cqlite-flight	12
1788816330	cqlite-flight	12
1788816345	cqlite-flight	12
1788816360	cqlite-flight	12
1788816375	cqlite-flight	12
1788816390	cqlite-flight	12
1788816405	cqlite-flight	12
1788816420	cqlite-flight	12
1788816435	cqlite-flight	12
1788816450	cqlite-flight	12
1788816465	cqlite-flight	12
1788816480	cqlite-flight	12
1788816495	cqlite-flight	12
1788816510	cqlite-flight	12
1788816525	cqlite-flight	12
1788816540	cqlite-flight	12
1788816555	cqlite-flight	12
1788816570	cqlite-flight	12
1788816585	cqlite-flight	12
1788816600	cqlite-flight	12
1788816615	cqlite-flight	12
1788816630	cqlite-flight	12
1788816645	cqlite-flight	12
1788816660	cqlite-flight	12
1788816675	cqlite-flight	12
1788816690	cqlite-flight	12
1788816705	cqlite-flight	12
1788816720	cqlite-flight	12
1788816735	cqlite-flight	12
1788816750	cqlite-flight	12
1788816765	cqlite-flight	12
1788816780	cqlite-flight	12
1788816795	cqlite-flight	12
1788816810	cqlite-flight	12
1788816825	cqlite-flight	12
1788816840	cqlite-flight	12
1788816855	cqlite-flight	12
1788816870	cqlite-flight	12
1788816885	cqlite-flight	12
1788816900	cqlite-flight	12
1788816915	cqlite-flight	12
1788816930	cqlite-flight	12
1788816945	cqlite-flight	12
1788816960	cqlite-flight	12
1788816975	cqlite-flight	12
1788816990	cqlite-flight	12
1788817005	cqlite-flight	12
1788817020	cqlite-flight	12
1788817035	cqlite-flight	12
1788817050	cqlite-flight	12
1788817065	cqlite-flight	12
1788817080	cqlite-flight	12
1788817095	cqlite-flight	12
1788817110	cqlite-flight	12
1788817125	cqlite-flight	12
1788817140	cqlite-flight	12
1788817155	cqlite-flight	12
1788817170	cqlite-flight	12
1788817185	cqlite-flight	12
1788817200	cqlite-flight	12
1788817215	cqlite-flight	12
1788817230	cqlite-flight	12
1788817245	cqlite-flight	12
1788817260	cqlite-flight	12
1788817275	cqlite-flight	12
1788817290	cqlite-flight	12
1788817305	cqlite-flight	12
1788817320	cqlite-flight	12
1788817335	cqlite-flight	12
1788817350	cqlite-flight	12
1788817365	cqlite-flight	12
1788817380	cqlite-flight	12
1788817395	cqlite-flight	12
1788817410	cqlite-flight	12
1788817425	cqlite-flight	12
1788817440	cqlite-flight	12
1788817455	cqlite-flight	12
1788817470	cqlite-flight	12
1788817485	cqlite-flight	12
1788817500	cqlite-flight	12
1788817515	cqlite-flight	12
1788817530	cqlite-flight	12
1788817545	cqlite-flight	12
1788817560	cqlite-flight	12
1788817575	cqlite-flight	12
1788817590	cqlite-flight	12
1788817605	cqlite-flight	12
1788817620	cqlite-flight	12
1788817635	cqlite-flight	12
1788817650	cqlite-flight	12
1788817665	cqlite-flight	12
1788817680	cqlite-flight	12
1788817695	cqlite-flight	12
1788817710	cqlite-flight	12
1788817725	cqlite-flight	12
1788817740	cqlite-flight	12
1788817755	cqlite-flight	12
1788817770	cqlite-flight	12
1788817785	cqlite-flight	12
1788817800	cqlite-flight	12
1788817815	cqlite-flight	12
1788817830	cqlite-flight	12
1788817845	cqlite-flight	12
1788817860	cqlite-flight	12
1788817875	cqlite-flight	12
1788817890	cqlite-flight	12
1788817905	cqlite-flight	12
1788817920	cqlite-flight	12
1788817935	cqlite-flight	12
1788817950	cqlite-flight	12
1788817965	cqlite-flight	12
1788817980	cqlite-flight	12
1788817995	cqlite-flight	12
1788818010	cqlite-flight	12
1788818025	cqlite-flight	12
1788818040	cqlite-flight	12
1788818055	cqlite-flight	12
1788818070	cqlite-flight	12
1788818085	cqlite-flight	12
1788818100	cqlite-flight	12
1788818115	cqlite-flight	12
1788818130	cqlite-flight	12
1788818145	cqlite-flight	12
1788818160	cqlite-flight	12
1788818175	cqlite-flight	12
1788818190	cqlite-flight	12
1788818205	cqlite-flight	12
1788818220	cqlite-flight	12
1788818235	cqlite-flight	12
1788818250	cqlite-flight	12
1788818265	cqlite-flight	12
1788818280	cqlite-flight	12
1788818295	cqlite-flight	12
1788818310	cqlite-flight	12
1788818325	cqlite-flight	12
1788818340	cqlite-flight	12
1788818355	cqlite-flight	12
1788818370	cqlite-flight	12
1788818385	cqlite-flight	12
1788818400	cqlite-flight	12
1788818415	cqlite-flight	12
1788818430	cqlite-flight	12
1788818445	cqlite-flight	12
1788818460	cqlite-flight	12
1788818475	cqlite-flight	12
1788818490	cqlite-flight	12
1788818505	cqlite-flight	12
1788818520	cqlite-flight	12
1788818535	cqlite-flight	12
1788818550	cqlite-flight	12
1788818565	cqlite-flight	12
1788818580	cqlite-flight	12
1788818595	cqlite-flight	12
1788818610	cqlite-flight	12
1788818625	cqlite-flight	12
1788818640	cqlite-flight	12
1788818655	cqlite-flight	12
1788818670	cqlite-flight	12
1788818685	cqlite-flight	12
1788818700	cqlite-flight	12
1788818715	cqlite-flight	12
1788818730	cqlite-flight	12
1788818745	cqlite-flight	12
1788818760	cqlite-flight	12
1788818775	cqlite-flight	12
1788818790	cqlite-flight	12
1788818805	cqlite-flight	12
1788818820	cqlite-flight	12
1788818835	cqlite-flight	12
1788818850	cqlite-flight	12
1788818865	cqlite-flight	12
1788818880	cqlite-flight	12
1788818895	cqlite-flight	12
1788818910	cqlite-flight	12
1788818925	cqlite-flight	12
1788818940	cqlite-flight	12
1788818955	cqlite-flight	12
1788818970	cqlite-flight	12
1788818985	cqlite-flight	12
1788819000	cqlite-flight	12
1788819015	cqlite-flight	12
1788819030	cqlite-flight	12
1788819045	cqlite-flight	12
1788819060	cqlite-flight	12
1788819075	cqlite-flight	12
1788819090	cqlite-flight	12
1788819105	cqlite-flight	12
1788819120	cqlite-flight	12
1788819135	cqlite-flight	12
1788819150	cqlite-flight	12
1788819165	cqlite-flight	12
1788819180	cqlite-flight	12
1788819195	cqlite-flight	12
1788819210	cqlite-flight	12
1788819225	cqlite-flight	12
1788819240	cqlite-flight	12
1788819255	cqlite-flight	12
1788819270	cqlite-flight	12
1788819285	cqlite-flight	12
1788819300	cqlite-flight	12
1788819315	cqlite-flight	12
1788819330	cqlite-flight	12
1788819345	cqlite-flight	12
1788819360	cqlite-flight	12
1788819375	cqlite-flight	12
1788819390	cqlite-flight	12
1788819405	cqlite-flight	12
1788819420	cqlite-flight	12
1788819435	cqlite-flight	12
1788819450	cqlite-flight	12
1788819465	cqlite-flight	12
1788819480	cqlite-flight	12
1788819495	cqlite-flight	12
1788819510	cqlite-flight	12
1788819525	cqlite-flight	12
1788819540	cqlite-flight	12
1788819555	cqlite-flight	12
1788819570	cqlite-flight	12
1788819585	cqlite-flight	12
1788819600	cqlite-flight	12
1788819615	cqlite-flight	12
1788819630	cqlite-flight	12
1788819645	cqlite-flight	12
1788819660	cqlite-flight	12
1788819675	cqlite-flight	12
1788819690	cqlite-flight	12
1788819705	cqlite-flight	12
1788819720	cqlite-flight	12
1788819735	cqlite-flight	12
1788819750	cqlite-flight	12
1788819765	cqlite-flight	12
1788819780	cqlite-flight	12
1788819795	cqlite-flight	12
1788819810	cqlite-flight	12
1788819825	cqlite-flight	12
1788819840	cqlite-flight	12
1788819855	cqlite-flight	12
1788819870	cqlite-flight	12
1788819885	cqlite-flight	12
1788819900	cqlite-flight	12
1788819915	cqlite-flight	12
1788819930	cqlite-flight	12
1788819945	cqlite-flight	12
1788819960	cqlite-flight	12
1788819975	cqlite-flight	12
1788819990	cqlite-flight	12
1788820005	cqlite-flight	12
1788820020	cqlite-flight	12
1788820035	cqlite-flight	12
1788820050	cqlite-flight	12
1788820065	cqlite-flight	12
1788820080	cqlite-flight	12
1788820095	cqlite-flight	12
1788820110	cqlite-flight	12
1788820125	cqlite-flight	12
1788820140	cqlite-flight	12
1788820155	cqlite-flight	12
1788820170	cqlite-flight	12
1788820185	cqlite-flight	12
1788820200	cqlite-flight	12
1788820215	cqlite-flight	12
1788820230	cqlite-flight	12
1788820245	cqlite-flight	12
1788820260	cqlite-flight	12
1788820275	cqlite-flight	12
1788820290	cqlite-flight	12
1788820305	cqlite-flight	12
1788820320	cqlite-flight	12
1788820335	cqlite-flight	12
1788820350	cqlite-flight	12
1788820365	cqlite-flight	12
1788820380	cqlite-flight	12
1788820395	cqlite-flight	12
1788820410	cqlite-flight	12
1788820425	cqlite-flight	12
1788820440	cqlite-flight	12
1788820455	cqlite-flight	12
1788820470	cqlite-flight	12
1788820485	cqlite-flight	12
1788820500	cqlite-flight	12
1788820515	cqlite-flight	12
1788820530	cqlite-flight	12
1788820545	cqlite-flight	12
1788820560	cqlite-flight	12
1788820575	cqlite-flight	12
1788820590	cqlite-flight	12
1788820605	cqlite-flight	12
1788820620	cqlite-flight	12
1788820635	cqlite-flight	12
1788820650	cqlite-flight	12
1788820665	cqlite-flight	12
1788820680	cqlite-flight	12
1788820695	cqlite-flight	12
1788820710	cqlite-flight	12
1788820725	cqlite-flight	12
1788820740	cqlite-flight	12
1788820755	cqlite-flight	12
1788820770	cqlite-flight	12
1788820785	cqlite-flight	12
1788820800	cqlite-flight	12
1788820815	cqlite-flight	12
1788820830	cqlite-flight	12
1788820845	cqlite-flight	12
1788820860	cqlite-flight	12
1788820875	cqlite-flight	12
1788820890	cqlite-flight	12
1788820905	cqlite-flight	12
1788820920	cqlite-flight	12
1788820935	cqlite-flight	12
1788820950	cqlite-flight	12
1788820965	cqlite-flight	12
1788820980	cqlite-flight	12
1788820995	cqlite-flight	12
1788821010	cqlite-flight	12
1788821025	cqlite-flight	12
1788821040	cqlite-flight	12
1788821055	cqlite-flight	12
1788821070	cqlite-flight	12
1788821085	cqlite-flight	12
1788821100	cqlite-flight	12
1788821115	cqlite-flight	12
1788821130	cqlite-flight	12
1788821145	cqlite-flight	12
1788821160	cqlite-flight	12
1788821175	cqlite-flight	12
1788821190	cqlite-flight	12
1788821205	cqlite-flight	12
1788821220	cqlite-flight	12
1788821235	cqlite-flight	12
1788821250	cqlite-flight	12
1788821265	cqlite-flight	12
1788821280	cqlite-flight	12
1788821295	cqlite-flight	12
1788821310	cqlite-flight	12
1788821325	cqlite-flight	12
1788821340	cqlite-flight	12
1788821355	cqlite-flight	12
1788821370	cqlite-flight	12
1788821385	cqlite-flight	12
1788821400	cqlite-flight	12
1788821415	cqlite-flight	12
1788821430	cqlite-flight	12
1788821445	cqlite-flight	12
1788821460	cqlite-flight	12
1788821475	cqlite-flight	12
1788821490	cqlite-flight	12
1788821505	cqlite-flight	12
1788821520	cqlite-flight	12
1788821535	cqlite-flight	12
1788821550	cqlite-flight	12
1788821565	cqlite-flight	12
1788821580	cqlite-flight	12
1788821595	cqlite-flight	12
1788821610	cqlite-flight	12
1788821625	cqlite-flight	12
1788821640	cqlite-flight	12
1788821655	cqlite-flight	12
1788821670	cqlite-flight	12
1788821685	cqlite-flight	12
1788821700	cqlite-flight	12
1788821715	cqlite-flight	12
1788821730	cqlite-flight	12
1788821745	cqlite-flight	12
1788821760	cqlite-flight	12
1788821775	cqlite-flight	12
1788821790	cqlite-flight	12
1788821805	cqlite-flight	12
1788821820	cqlite-flight	12
1788821835	cqlite-flight	12
1788821850	cqlite-flight	12
1788821865	cqlite-flight	12
1788821880	cqlite-flight	12
1788821895	cqlite-flight	12
1788821910	cqlite-flight	12
1788821925	cqlite-flight	12
1788821940	cqlite-flight	12
1788821955	cqlite-flight	12
1788821970	cqlite-flight	12
1788821985	cqlite-flight	12
1788822000	cqlite-flight	12
1788822015	cqlite-flight	12
1788822030	cqlite-flight	12
1788822045	cqlite-flight	12
1788822060	cqlite-flight	12
1788822075	cqlite-flight	12
1788822090	cqlite-flight	12
1788822105	cqlite-flight	12
1788822120	cqlite-flight	12
1788822135	cqlite-flight	12
1788822150	cqlite-flight	12
1788822165	cqlite-flight	12
1788822180	cqlite-flight	12
1788822195	cqlite-flight	12
1788822210	cqlite-flight	12
1788822225	cqlite-flight	12
1788822240	cqlite-flight	12
1788822255	cqlite-flight	12
1788822270	cqlite-flight	12
1788822285	cqlite-flight	12
1788822300	cqlite-flight	12
1788822315	cqlite-flight	12
1788822330	cqlite-flight	12
1788822345	cqlite-flight	12
1788822360	cqlite-flight	12
1788822375	cqlite-flight	12
1788822390	cqlite-flight	12
1788822405	cqlite-flight	12
1788822420	cqlite-flight	12
1788822435	cqlite-flight	12
1788822450	cqlite-flight	12
1788822465	cqlite-flight	12
1788822480	cqlite-flight	12
1788822495	cqlite-flight	12
1788822510	cqlite-flight	12
1788822525	cqlite-flight	12
1788822540	cqlite-flight	12
1788822555	cqlite-flight	12
1788822570	cqlite-flight	12
1788822585	cqlite-flight	12
1788822600	cqlite-flight	12
1788822615	cqlite-flight	12
1788822630	cqlite-flight	12
1788822645	cqlite-flight	12
1788822660	cqlite-flight	12
1788822675	cqlite-flight	12
1788822690	cqlite-flight	12
1788822705	cqlite-flight	12
1788822720	cqlite-flight	12
1788822735	cqlite-flight	12
1788822750	cqlite-flight	12
1788822765	cqlite-flight	12
1788822780	cqlite-flight	12
1788822795	cqlite-flight	12
1788822810	cqlite-flight	12
1788822825	cqlite-flight	12
1788822840	cqlite-flight	12
1788822855	cqlite-flight	12
1788822870	cqlite-flight	12
1788822885	cqlite-flight	12
1788822900	cqlite-flight	12
1788822915	cqlite-flight	12
1788822930	cqlite-flight	12
1788822945	cqlite-flight	12
1788822960	cqlite-flight	12
1788822975	cqlite-flight	12
1788822990	cqlite-flight	12
1788823005	cqlite-flight	12
1788823020	cqlite-flight	12
1788823035	cqlite-flight	12
1788823050	cqlite-flight	12
1788823065	cqlite-flight	12
1788823080	cqlite-flight	12
1788823095	cqlite-flight	12
1788823110	cqlite-flight	12
1788823125	cqlite-flight	12
1788823140	cqlite-flight	12
1788823155	cqlite-flight	12
1788823170	cqlite-flight	12
1788823185	cqlite-flight	12
1788823200	cqlite-flight	12
1788823215	cqlite-flight	12
1788823230	cqlite-flight	12
1788823245	cqlite-flight	12
1788823260	cqlite-flight	12
1788823275	cqlite-flight	12
1788823290	cqlite-flight	12
1788823305	cqlite-flight	12
1788823320	cqlite-flight	12
1788823335	cqlite-flight	12
1788823350	cqlite-flight	12
1788823365	cqlite-flight	12
1788823380	cqlite-flight	12
1788823395	cqlite-flight	12
1788823410	cqlite-flight	12
1788823425	cqlite-flight	12
1788823440	cqlite-flight	12
1788823455	cqlite-flight	12
1788823470	cqlite-flight	12
1788823485	cqlite-flight	12
1788823500	cqlite-flight	12
1788823515	cqlite-flight	12
1788823530	cqlite-flight	12
1788823545	cqlite-flight	12
1788823560	cqlite-flight	12
1788823575	cqlite-flight	12
1788823590	cqlite-flight	12
1788823605	cqlite-flight	12
1788823620	cqlite-flight	12
1788823635	cqlite-flight	12
1788823650	cqlite-flight	12
1788823665	cqlite-flight	12
1788823680	cqlite-flight	12
1788823695	cqlite-flight	12
1788823710	cqlite-flight	12
1788823725	cqlite-flight	12
1788823740	cqlite-flight	12
1788823755	cqlite-flight	12
1788823770	cqlite-flight	12
1788823785	cqlite-flight	12
1788823800	cqlite-flight	12
1788823815	cqlite-flight	12
1788823830	cqlite-flight	12
1788823845	cqlite-flight	12
1788823860	cqlite-flight	12
1788823875	cqlite-flight	12
1788823890	cqlite-flight	12
1788823905	cqlite-flight	12
1788823920	cqlite-flight	12
1788823935	cqlite-flight	12
1788823950	cqlite-flight	12
1788823965	cqlite-flight	12
1788823980	cqlite-flight	12
1788823995	cqlite-flight	12
1788824010	cqlite-flight	12
1788824025	cqlite-flight	12
1788824040	cqlite-flight	12
1788824055	cqlite-flight	12
1788824070	cqlite-flight	12
1788824085	cqlite-flight	12
1788824100	cqlite-flight	12
1788824115	cqlite-flight	12
1788824130	cqlite-flight	12
1788824145	cqlite-flight	12
1788824160	cqlite-flight	12
1788824175	cqlite-flight	12
1788824190	cqlite-flight	12
1788824205	cqlite-flight	12
1788824220	cqlite-flight	12
1788824235	cqlite-flight	12
1788824250	cqlite-flight	12
1788824265	cqlite-flight	12
1788824280	cqlite-flight	12
1788824295	cqlite-flight	12
1788824310	cqlite-flight	12
1788824325	cqlite-flight	12
1788824340	cqlite-flight	12
1788824355	cqlite-flight	12
1788824370	cqlite-flight	12
1788824385	cqlite-flight	12
1788824400	cqlite-flight	12
1788824415	cqlite-flight	12
1788824430	cqlite-flight	12
1788824445	cqlite-flight	12
1788824460	cqlite-flight	12
1788824475	cqlite-flight	12
1788824490	cqlite-flight	12
1788824505	cqlite-flight	12
1788824520	cqlite-flight	12
1788824535	cqlite-flight	12
1788824550	cqlite-flight	12
1788824565	cqlite-flight	12
1788824580	cqlite-flight	12
1788824595	cqlite-flight	12
1788824610	cqlite-flight	12
1788824625	cqlite-flight	12
1788824640	cqlite-flight	12
1788824655	cqlite-flight	12
1788824670	cqlite-flight	12
1788824685	cqlite-flight	12
1788824700	cqlite-flight	12
1788824715	cqlite-flight	12
1788824730	cqlite-flight	12
1788824745	cqlite-flight	12
1788824760	cqlite-flight	12
1788824775	cqlite-flight	12
1788824790	cqlite-flight	12
1788824805	cqlite-flight	12
1788824820	cqlite-flight	12
1788824835	cqlite-flight	12
1788824850	cqlite-flight	12
1788824865	cqlite-flight	12
1788824880	cqlite-flight	12
1788824895	cqlite-flight	12
1788824910	cqlite-flight	12
1788824925	cqlite-flight	12
1788824940	cqlite-flight	12
1788824955	cqlite-flight	12
1788824970	cqlite-flight	12
1788824985	cqlite-flight	12
1788825000	cqlite-flight	12
1788825015	cqlite-flight	12
1788825030	cqlite-flight	12
1788825045	cqlite-flight	12
1788825060	cqlite-flight	12
1788825075	cqlite-flight	12
1788825090	cqlite-flight	12
1788825105	cqlite-flight	12
1788825120	cqlite-flight	12
1788825135	cqlite-flight	12
1788825150	cqlite-flight	12
1788825165	cqlite-flight	12
1788825180	cqlite-flight	12
1788825195	cqlite-flight	12
1788825210	cqlite-flight	12
1788825225	cqlite-flight	12
1788825240	cqlite-flight	12
1788825255	cqlite-flight	12
1788825270	cqlite-flight	12
1788825285	cqlite-flight	12
1788825300	cqlite-flight	12
1788825315	cqlite-flight	12
1788825330	cqlite-flight	12
1788825345	cqlite-flight	12
1788825360	cqlite-flight	12
1788825375	cqlite-flight	12
1788825390	cqlite-flight	12
1788825405	cqlite-flight	12
1788825420	cqlite-flight	12
1788825435	cqlite-flight	12
1788825450	cqlite-flight	12
1788825465	cqlite-flight	12
1788825480	cqlite-flight	12
1788825495	cqlite-flight	12
1788825510	cqlite-flight	12
1788825525	cqlite-flight	12
1788825540	cqlite-flight	12
1788825555	cqlite-flight	12
1788825570	cqlite-flight	12
1788825585	cqlite-flight	12
1788825600	cqlite-flight	12
1788825615	cqlite-flight	12
1788825630	cqlite-flight	12
1788825645	cqlite-flight	12
1788825660	cqlite-flight	12
1788825675	cqlite-flight	12
1788825690	cqlite-flight	12
1788825705	cqlite-flight	12
1788825720	cqlite-flight	12
1788825735	cqlite-flight	12
1788825750	cqlite-flight	12
1788825765	cqlite-flight	12
1788825780	cqlite-flight	12
1788825795	cqlite-flight	12
1788825810	cqlite-flight	12
1788825825	cqlite-flight	12
1788825840	cqlite-flight	12
1788825855	cqlite-flight	12
1788825870	cqlite-flight	12
1788825885	cqlite-flight	12
1788825900	cqlite-flight	12
1788825915	cqlite-flight	12
1788825930	cqlite-flight	12
1788825945	cqlite-flight	12
1788825960	cqlite-flight	12
1788825975	cqlite-flight	12
1788825990	cqlite-flight	12
1788826005	cqlite-flight	12
1788826020	cqlite-flight	12
1788826035	cqlite-flight	12
1788826050	cqlite-flight	12
1788826065	cqlite-flight	12
1788826080	cqlite-flight	12
1788826095	cqlite-flight	12
1788826110	cqlite-flight	12
1788826125	cqlite-flight	12
1788826140	cqlite-flight	12
1788826155	cqlite-flight	12
1788826170	cqlite-flight	12
1788826185	cqlite-flight	12
1788826200	cqlite-flight	12
1788826215	cqlite-flight	12
1788826230	cqlite-flight	12
1788826245	cqlite-flight	12
1788826260	cqlite-flight	12
1788826275	cqlite-flight	12
1788826290	cqlite-flight	12
1788826305	cqlite-flight	12
1788826320	cqlite-flight	12
1788826335	cqlite-flight	12
1788826350	cqlite-flight	12
1788826365	cqlite-flight	12
1788826380	cqlite-flight	12
1788826395	cqlite-flight	12
1788826410	cqlite-flight	12
1788826425	cqlite-flight	12
1788826440	cqlite-flight	12
1788826455	cqlite-flight	12
1788826470	cqlite-flight	12
1788826485	cqlite-flight	12
1788826500	cqlite-flight	12
1788826515	cqlite-flight	12
1788826530	cqlite-flight	12
1788826545	cqlite-flight	12
1788826560	cqlite-flight	12
1788826575	cqlite-flight	12
1788826590	cqlite-flight	12
1788826605	cqlite-flight	12
1788826620	cqlite-flight	12
1788826635	cqlite-flight	12
1788826650	cqlite-flight	12
1788826665	cqlite-flight	12
1788826680	cqlite-flight	12
1788826695	cqlite-flight	12
1788826710	cqlite-flight	12
1788826725	cqlite-flight	12
1788826740	cqlite-flight	12
1788826755	cqlite-flight	12
1788826770	cqlite-flight	12
1788826785	cqlite-flight	12
1788826800	cqlite-flight	12
1788826815	cqlite-flight	12
1788826830	cqlite-flight	12
1788826845	cqlite-flight	12
1788826860	cqlite-flight	12
1788826875	cqlite-flight	12
1788826890	cqlite-flight	12
1788826905	cqlite-flight	12
1788826920	cqlite-flight	12
1788826935	cqlite-flight	12
1788826950	cqlite-flight	12
1788826965	cqlite-flight	12
1788826980	cqlite-flight	12
1788826995	cqlite-flight	12
1788827010	cqlite-flight	12
1788827025	cqlite-flight	12
1788827040	cqlite-flight	12
1788827055	cqlite-flight	12
1788827070	cqlite-flight	12
1788827085	cqlite-flight	12
1788827100	cqlite-flight	12
1788827115	cqlite-flight	12
1788827130	cqlite-flight	12
1788827145	cqlite-flight	12
1788827160	cqlite-flight	12
1788827175	cqlite-flight	12
1788827190	cqlite-flight	12
1788827205	cqlite-flight	12
1788827220	cqlite-flight	12
1788827235	cqlite-flight	12
1788827250	cqlite-flight	12
1788827265	cqlite-flight	12
1788827280	cqlite-flight	12
1788827295	cqlite-flight	12
1788827310	cqlite-flight	12
1788827325	cqlite-flight	12
1788827340	cqlite-flight	12
1788827355	cqlite-flight	12
1788827370	cqlite-flight	12
1788827385	cqlite-flight	12
1788827400	cqlite-flight	12
1788827415	cqlite-flight	12
1788827430	cqlite-flight	12
1788827445	cqlite-flight	12
1788827460	cqlite-flight	12
1788827475	cqlite-flight	12
1788827490	cqlite-flight	12
1788827505	cqlite-flight	12
1788827520	cqlite-flight	12
1788827535	cqlite-flight	12
1788827550	cqlite-flight	12
1788827565	cqlite-flight	12
1788827580	cqlite-flight	12
1788827595	cqlite-flight	12
1788827610	cqlite-flight	12
1788827625	cqlite-flight	12
1788827640	cqlite-flight	12
1788827655	cqlite-flight	12
1788827670	cqlite-flight	12
1788827685	cqlite-flight	12
1788827700	cqlite-flight	12
1788827715	cqlite-flight	12
1788827730	cqlite-flight	12
1788827745	cqlite-flight	12
1788827760	cqlite-flight	12
1788827775	cqlite-flight	12
1788827790	cqlite-flight	12
1788827805	cqlite-flight	12
1788827820	cqlite-flight	12
1788827835	cqlite-flight	12
1788827850	cqlite-flight	12
1788827865	cqlite-flight	12
1788827880	cqlite-flight	12
1788827895	cqlite-flight	12
1788827910	cqlite-flight	12
1788827925	cqlite-flight	12
1788827940	cqlite-flight	12
1788827955	cqlite-flight	12
1788827970	cqlite-flight	12
1788827985	cqlite-flight	12
1788828000	cqlite-flight	12
1788828015	cqlite-flight	12
1788828030	cqlite-flight	12
1788828045	cqlite-flight	12
1788828060	cqlite-flight	12
1788828075	cqlite-flight	12
1788828090	cqlite-flight	12
1788828105	cqlite-flight	12
1788828120	cqlite-flight	12
1788828135	cqlite-flight	12
1788828150	cqlite-flight	12
1788828165	cqlite-flight	12
1788828180	cqlite-flight	12
1788828195	cqlite-flight	12
1788828210	cqlite-flight	12
1788828225	cqlite-flight	12
1788828240	cqlite-flight	12
1788828255	cqlite-flight	12
1788828270	cqlite-flight	12
1788828285	cqlite-flight	12
1788828300	cqlite-flight	12
1788828315	cqlite-flight	12
1788828330	cqlite-flight	12
1788828345	cqlite-flight	12
1788828360	cqlite-flight	12
1788828375	cqlite-flight	12
1788828390	cqlite-flight	12
1788828405	cqlite-flight	12
1788828420	cqlite-flight	12
1788828435	cqlite-flight	12
1788828450	cqlite-flight	12
1788828465	cqlite-flight	12
1788828480	cqlite-flight	12
1788828495	cqlite-flight	12
1788828510	cqlite-flight	12
1788828525	cqlite-flight	12
1788828540	cqlite-flight	12
1788828555	cqlite-flight	12
1788828570	cqlite-flight	12
1788828585	cqlite-flight	12
1788828600	cqlite-flight	12
1788828615	cqlite-flight	12
1788828630	cqlite-flight	12
1788828645	cqlite-flight	12
1788828660	cqlite-flight	12
1788828675	cqlite-flight	12
1788828690	cqlite-flight	12
1788828705	cqlite-flight	12
1788828720	cqlite-flight	12
1788828735	cqlite-flight	12
1788828750	cqlite-flight	12
1788828765	cqlite-flight	12
1788828780	cqlite-flight	12
1788828795	cqlite-flight	12
1788828810	cqlite-flight	12
1788828825	cqlite-flight	12
1788828840	cqlite-flight	12
1788828855	cqlite-flight	12
1788828870	cqlite-flight	12
1788828885	cqlite-flight	12
1788828900	cqlite-flight	12
1788828915	cqlite-flight	12
1788828930	cqlite-flight	12
1788828945	cqlite-flight	12
1788828960	cqlite-flight	12
1788828975	cqlite-flight	12
1788828990	cqlite-flight	12
1788829005	cqlite-flight	12
1788829020	cqlite-flight	12
1788829035	cqlite-flight	12
1788829050	cqlite-flight	12
1788829065	cqlite-flight	12
1788829080	cqlite-flight	12
1788829095	cqlite-flight	12
1788829110	cqlite-flight	12
1788829125	cqlite-flight	12
1788829140	cqlite-flight	12
1788829155	cqlite-flight	12
1788829170	cqlite-flight	12
1788829185	cqlite-flight	12
1788829200	cqlite-flight	12
1788829215	cqlite-flight	12
1788829230	cqlite-flight	12
1788829245	cqlite-flight	12
1788829260	cqlite-flight	12
1788829275	cqlite-flight	12
1788829290	cqlite-flight	12
1788829305	cqlite-flight	12
1788829320	cqlite-flight	12
1788829335	cqlite-flight	12
1788829350	cqlite-flight	12
1788829365	cqlite-flight	12
1788829380	cqlite-flight	12
1788829395	cqlite-flight	12
1788829410	cqlite-flight	12
1788829425	cqlite-flight	12
1788829440	cqlite-flight	12
1788829455	cqlite-flight	12
1788829470	cqlite-flight	12
1788829485	cqlite-flight	12
1788829500	cqlite-flight	12
1788829515	cqlite-flight	12
1788829530	cqlite-flight	12
1788829545	cqlite-flight	12
1788829560	cqlite-flight	12
1788829575	cqlite-flight	12
1788829590	cqlite-flight	12
1788829605	cqlite-flight	12
1788829620	cqlite-flight	12
1788829635	cqlite-flight	12
1788829650	cqlite-flight	12
1788829665	cqlite-flight	12
1788829680	cqlite-flight	12
1788829695	cqlite-flight	12
1788829710	cqlite-flight	12
1788829725	cqlite-flight	12
1788829740	cqlite-flight	12
1788829755	cqlite-flight	12
1788829770	cqlite-flight	12
1788829785	cqlite-flight	12
1788829800	cqlite-flight	12
1788829815	cqlite-flight	12
1788829830	cqlite-flight	12
1788829845	cqlite-flight	12
1788829860	cqlite-flight	12
1788829875	cqlite-flight	12
1788829890	cqlite-flight	12
1788829905	cqlite-flight	12
1788829920	cqlite-flight	12
1788829935	cqlite-flight	12
1788829950	cqlite-flight	12
1788829965	cqlite-flight	12
1788829980	cqlite-flight	12
1788829995	cqlite-flight	12
1788830010	cqlite-flight	12
1788830025	cqlite-flight	12
1788830040	cqlite-flight	12
1788830055	cqlite-flight	12
1788830070	cqlite-flight	12
1788830085	cqlite-flight	12
1788830100	cqlite-flight	12
1788830115	cqlite-flight	12
1788830130	cqlite-flight	12
1788830145	cqlite-flight	12
1788830160	cqlite-flight	12
1788830175	cqlite-flight	12
1788830190	cqlite-flight	12
1788830205	cqlite-flight	12
1788830220	cqlite-flight	12
1788830235	cqlite-flight	12
1788830250	cqlite-flight	12
1788830265	cqlite-flight	12
1788830280	cqlite-flight	12
1788830295	cqlite-flight	12
1788830310	cqlite-flight	12
1788830325	cqlite-flight	12
1788830340	cqlite-flight	12
1788830355	cqlite-flight	12
1788830370	cqlite-flight	12
1788830385	cqlite-flight	12
1788830400	cqlite-flight	12
1788830415	cqlite-flight	12
1788830430	cqlite-flight	12
1788830445	cqlite-flight	12
1788830460	cqlite-flight	12
1788830475	cqlite-flight	12
1788830490	cqlite-flight	12
1788830505	cqlite-flight	12
1788830520	cqlite-flight	12
1788830535	cqlite-flight	12
1788830550	cqlite-flight	12
1788830565	cqlite-flight	12
1788830580	cqlite-flight	12
1788830595	cqlite-flight	12
1788830610	cqlite-flight	12
1788830625	cqlite-flight	12
1788830640	cqlite-flight	12
1788830655	cqlite-flight	12
1788830670	cqlite-flight	12
1788830685	cqlite-flight	12
1788830700	cqlite-flight	12
1788830715	cqlite-flight	12
1788830730	cqlite-flight	12
1788830745	cqlite-flight	12
1788830760	cqlite-flight	12
1788830775	cqlite-flight	12
1788830790	cqlite-flight	12
1788830805	cqlite-flight	12
1788830820	cqlite-flight	12
1788830835	cqlite-flight	12
1788830850	cqlite-flight	12
1788830865	cqlite-flight	28
1788830880	cqlite-flight	28
1788830895	cqlite-flight	28
1788830910	cqlite-flight	28
1788830925	cqlite-flight	13
1788830940	cqlite-flight	13
1788830955	cqlite-flight	13
1788830970	cqlite-flight	13
1788830985	cqlite-flight	28
1788831000	cqlite-flight	28
1788831015	cqlite-flight	28
1788831030	cqlite-flight	28
1788831045	cqlite-flight	29
1788831060	cqlite-flight	29
1788831075	cqlite-flight	29
1788831090	cqlite-flight	29
1788831105	cqlite-flight	29
1788831120	cqlite-flight	29
1788831135	cqlite-flight	29
1788831150	cqlite-flight	29
1788831165	cqlite-flight	28
1788831180	cqlite-flight	28
1788831195	cqlite-flight	28
1788831210	cqlite-flight	28
1788831225	cqlite-flight	13
1788831240	cqlite-flight	13
1788831255	cqlite-flight	13
1788831270	cqlite-flight	13
1788831285	cqlite-flight	22
1788831300	cqlite-flight	22
1788831315	cqlite-flight	22
1788831330	cqlite-flight	22
1788831345	cqlite-flight	23
1788831360	cqlite-flight	23
1788831375	cqlite-flight	23
1788831390	cqlite-flight	23
1788831405	cqlite-flight	13
1788831420	cqlite-flight	13
1788831435	cqlite-flight	13
1788831450	cqlite-flight	13
1788831465	cqlite-flight	13
1788831480	cqlite-flight	13
1788831495	cqlite-flight	13
1788831510	cqlite-flight	13
1788831525	cqlite-flight	22
1788831540	cqlite-flight	22
1788831555	cqlite-flight	22
1788831570	cqlite-flight	22
1788831585	cqlite-flight	16
1788831600	cqlite-flight	16
1788831615	cqlite-flight	16
1788831630	cqlite-flight	16
1788831645	cqlite-flight	16
1788831660	cqlite-flight	16
1788831675	cqlite-flight	16
1788831690	cqlite-flight	16
1788831705	cqlite-flight	24
1788831720	cqlite-flight	24
1788831735	cqlite-flight	24
1788831750	cqlite-flight	24
1788831765	cqlite-flight	24
1788831780	cqlite-flight	24
1788831795	cqlite-flight	24
1788831810	cqlite-flight	24
1788831825	cqlite-flight	15
1788831840	cqlite-flight	15
1788831855	cqlite-flight	15
1788831870	cqlite-flight	15
1788831885	cqlite-flight	24
1788831900	cqlite-flight	24
1788831915	cqlite-flight	24
1788831930	cqlite-flight	24
1788831945	cqlite-flight	24
1788831960	cqlite-flight	24
1788831975	cqlite-flight	24
1788831990	cqlite-flight	24
1788832005	cqlite-flight	15
1788832020	cqlite-flight	15
1788832035	cqlite-flight	15
1788832050	cqlite-flight	15
1788832065	cqlite-flight	27
1788832080	cqlite-flight	27
1788832095	cqlite-flight	27
1788832110	cqlite-flight	27
1788832125	cqlite-flight	15
1788832140	cqlite-flight	15
1788832155	cqlite-flight	15
1788832170	cqlite-flight	15
1788832185	cqlite-flight	133
1788832200	cqlite-flight	133
1788832215	cqlite-flight	133
1788832230	cqlite-flight	133
1788832245	cqlite-flight	15
1788832260	cqlite-flight	15
1788832275	cqlite-flight	15
1788832290	cqlite-flight	15
1788832305	cqlite-flight	15
1788832320	cqlite-flight	15
1788832335	cqlite-flight	15
1788832350	cqlite-flight	15
1788832365	cqlite-flight	15
1788832380	cqlite-flight	15
1788832395	cqlite-flight	15
1788832410	cqlite-flight	15
1788832425	cqlite-flight	15
1788832440	cqlite-flight	15
1788832455	cqlite-flight	15
1788832470	cqlite-flight	15
1788832485	cqlite-flight	15
1788832500	cqlite-flight	15
1788832515	cqlite-flight	15
1788832530	cqlite-flight	15
1788832545	cqlite-flight	15
1788832560	cqlite-flight	15
1788832575	cqlite-flight	15
1788832590	cqlite-flight	15
1788832605	cqlite-flight	15
1788832620	cqlite-flight	15
1788832635	cqlite-flight	15
1788832650	cqlite-flight	15
1788832665	cqlite-flight	15
1788832680	cqlite-flight	15
1788832695	cqlite-flight	15
1788832710	cqlite-flight	15
1788832725	cqlite-flight	15
1788832740	cqlite-flight	15
1788832755	cqlite-flight	15
1788832770	cqlite-flight	15
1788832785	cqlite-flight	15
1788832800	cqlite-flight	15
1788832815	cqlite-flight	15
1788832830	cqlite-flight	15
1788832845	cqlite-flight	15
1788832860	cqlite-flight	15
1788832875	cqlite-flight	15
1788832890	cqlite-flight	15
1788832905	cqlite-flight	15
1788832920	cqlite-flight	15
1788832935	cqlite-flight	15
1788832950	cqlite-flight	15
1788832965	cqlite-flight	15
1788832980	cqlite-flight	15
1788832995	cqlite-flight	15
1788833010	cqlite-flight	15
1788833025	cqlite-flight	15
1788833040	cqlite-flight	15
1788833055	cqlite-flight	15
1788833070	cqlite-flight	15
1788833085	cqlite-flight	15
1788833100	cqlite-flight	15
1788833115	cqlite-flight	15
1788833130	cqlite-flight	15
1788833145	cqlite-flight	15
1788833160	cqlite-flight	15
1788833175	cqlite-flight	15
1788833190	cqlite-flight	15
1788833205	cqlite-flight	15
1788833220	cqlite-flight	15
1788833235	cqlite-flight	15
1788833250	cqlite-flight	15
1788833265	cqlite-flight	15
1788833280	cqlite-flight	15
1788833295	cqlite-flight	15
1788833310	cqlite-flight	15
1788833325	cqlite-flight	15
1788833340	cqlite-flight	15
1788833355	cqlite-flight	15
1788833370	cqlite-flight	15
1788833385	cqlite-flight	15
1788833400	cqlite-flight	15
1788833415	cqlite-flight	15
1788833430	cqlite-flight	15
1788833445	cqlite-flight	15
1788833460	cqlite-flight	15
1788833475	cqlite-flight	15
1788833490	cqlite-flight	15
1788833505	cqlite-flight	15
1788833520	cqlite-flight	15
1788833535	cqlite-flight	15
1788833550	cqlite-flight	15
1788833565	cqlite-flight	15
1788833580	cqlite-flight	15
1788833595	cqlite-flight	15
1788833610	cqlite-flight	15
1788833625	cqlite-flight	15
1788833640	cqlite-flight	15
1788833655	cqlite-flight	15
1788833670	cqlite-flight	15
1788833685	cqlite-flight	15
1788833700	cqlite-flight	15
1788833715	cqlite-flight	15
1788833730	cqlite-flight	15
1788833745	cqlite-flight	15
1788833760	cqlite-flight	15
1788833775	cqlite-flight	28
1788833790	cqlite-flight	28
1788833805	cqlite-flight	28
1788833820	cqlite-flight	28
1788833835	cqlite-flight	34
1788833850	cqlite-flight	34
1788833865	cqlite-flight	16
1788833880	cqlite-flight	16
1788833895	cqlite-flight	16
1788833910	cqlite-flight	16
1788833925	cqlite-flight	16
1788833940	cqlite-flight	16
1788833955	cqlite-flight	16
1788833970	cqlite-flight	16
1788833985	cqlite-flight	15
1788834000	cqlite-flight	15
1788834015	cqlite-flight	15
1788834030	cqlite-flight	15
1788834045	cqlite-flight	15
1788834060	cqlite-flight	15
1788834075	cqlite-flight	15
1788834090	cqlite-flight	15
1788834105	cqlite-flight	15
1788834120	cqlite-flight	15
1788834135	cqlite-flight	15
1788834150	cqlite-flight	15
1788834165	cqlite-flight	15
1788834180	cqlite-flight	15
1788834195	cqlite-flight	15
1788834210	cqlite-flight	15
1788834225	cqlite-flight	15
1788834240	cqlite-flight	15
1788834255	cqlite-flight	15
1788834270	cqlite-flight	15
1788834285	cqlite-flight	15
1788834300	cqlite-flight	15
1788834315	cqlite-flight	15
1788834330	cqlite-flight	15
1788834345	cqlite-flight	15
1788834360	cqlite-flight	15
1788834375	cqlite-flight	15
1788834390	cqlite-flight	15
1788834405	cqlite-flight	15
1788834420	cqlite-flight	15
1788834435	cqlite-flight	15
1788834450	cqlite-flight	15
1788834465	cqlite-flight	15
1788834480	cqlite-flight	15
1788834495	cqlite-flight	15
1788834510	cqlite-flight	15
1788834525	cqlite-flight	15
1788834540	cqlite-flight	15
1788834555	cqlite-flight	15
1788834570	cqlite-flight	15
1788834585	cqlite-flight	15
1788834600	cqlite-flight	15
1788834615	cqlite-flight	15
1788834630	cqlite-flight	15
1788834645	cqlite-flight	15
1788834660	cqlite-flight	15
1788834675	cqlite-flight	15
1788834690	cqlite-flight	15
1788834705	cqlite-flight	15
1788834720	cqlite-flight	15
1788834735	cqlite-flight	15
1788834750	cqlite-flight	15
1788834765	cqlite-flight	15
1788834780	cqlite-flight	15
1788834795	cqlite-flight	15
1788834810	cqlite-flight	15
1788834825	cqlite-flight	15
1788834840	cqlite-flight	15
1788834855	cqlite-flight	15
1788834870	cqlite-flight	15
1788834885	cqlite-flight	15
1788834900	cqlite-flight	15
1788834915	cqlite-flight	15
1788834930	cqlite-flight	15
1788834945	cqlite-flight	15
1788834960	cqlite-flight	15
1788834975	cqlite-flight	15
1788834990	cqlite-flight	15
1788835005	cqlite-flight	15
1788835020	cqlite-flight	15
1788835035	cqlite-flight	15
1788835050	cqlite-flight	15
1788835065	cqlite-flight	15
1788835080	cqlite-flight	15
1788835095	cqlite-flight	15
1788835110	cqlite-flight	15
1788835125	cqlite-flight	15
1788835140	cqlite-flight	15
1788835155	cqlite-flight	15
1788835170	cqlite-flight	15
1788835185	cqlite-flight	15
1788835200	cqlite-flight	15
1788835215	cqlite-flight	15
1788835230	cqlite-flight	15
1788835245	cqlite-flight	15
1788835260	cqlite-flight	15
1788835275	cqlite-flight	15
1788835290	cqlite-flight	15
1788835305	cqlite-flight	15
1788835320	cqlite-flight	15
1788835335	cqlite-flight	15
1788835350	cqlite-flight	15
1788835365	cqlite-flight	213
1788835380	cqlite-flight	213
1788835395	cqlite-flight	213
1788835410	cqlite-flight	213
1788835425	cqlite-flight	154
1788835440	cqlite-flight	154
1788835455	cqlite-flight	154
1788835470	cqlite-flight	154
1788835485	cqlite-flight	28
1788835500	cqlite-flight	28
1788835515	cqlite-flight	28
1788835530	cqlite-flight	28
1788835545	cqlite-flight	264
1788835560	cqlite-flight	264
1788835575	cqlite-flight	264
1788835590	cqlite-flight	264
1788835605	cqlite-flight	250
1788835620	cqlite-flight	250
1788835635	cqlite-flight	250
1788835650	cqlite-flight	250
1788835665	cqlite-flight	264
1788835680	cqlite-flight	264
1788835695	cqlite-flight	264
1788835710	cqlite-flight	264
1788835725	cqlite-flight	242
1788835740	cqlite-flight	242
1788835755	cqlite-flight	242
1788835770	cqlite-flight	242
1788835785	cqlite-flight	212
1788835800	cqlite-flight	212
1788835815	cqlite-flight	212
1788835830	cqlite-flight	212
1788835845	cqlite-flight	15
1788835860	cqlite-flight	15
1788835875	cqlite-flight	15
1788835890	cqlite-flight	15
1788835905	cqlite-flight	15
1788835920	cqlite-flight	15
1788835935	cqlite-flight	15
1788835950	cqlite-flight	15
1788835965	cqlite-flight	15
1788835980	cqlite-flight	15
1788835995	cqlite-flight	15
1788836010	cqlite-flight	15
1788836025	cqlite-flight	15
1788836040	cqlite-flight	15
1788836055	cqlite-flight	15
1788836070	cqlite-flight	15
1788836085	cqlite-flight	15
1788836100	cqlite-flight	15
1788836115	cqlite-flight	15
1788836130	cqlite-flight	15
1788836145	cqlite-flight	15
1788836160	cqlite-flight	15
1788836175	cqlite-flight	15
1788836190	cqlite-flight	15
1788836205	cqlite-flight	23
1788836220	cqlite-flight	23
1788836235	cqlite-flight	23
1788836250	cqlite-flight	23
1788836265	cqlite-flight	23
1788836280	cqlite-flight	23
1788836295	cqlite-flight	23
1788836310	cqlite-flight	23
1788836325	cqlite-flight	23
1788836340	cqlite-flight	23
1788836355	cqlite-flight	23
1788836370	cqlite-flight	23
1788836385	cqlite-flight	23
1788836400	cqlite-flight	23
1788836415	cqlite-flight	23
1788836430	cqlite-flight	23
1788836445	cqlite-flight	23
1788836460	cqlite-flight	23
1788836475	cqlite-flight	23
1788836490	cqlite-flight	23
1788836505	cqlite-flight	23
1788836520	cqlite-flight	23
1788836535	cqlite-flight	23
1788836550	cqlite-flight	23
1788836565	cqlite-flight	23
1788836580	cqlite-flight	23
1788836595	cqlite-flight	23
1788836610	cqlite-flight	23
1788836625	cqlite-flight	23
1788836640	cqlite-flight	23
1788836655	cqlite-flight	23
1788836670	cqlite-flight	23
1788836685	cqlite-flight	23
1788836700	cqlite-flight	23
1788836715	cqlite-flight	23
1788836730	cqlite-flight	23
1788836745	cqlite-flight	24
1788836760	cqlite-flight	24
1788836775	cqlite-flight	24
1788836790	cqlite-flight	24
1788836805	cqlite-flight	24
1788836820	cqlite-flight	24
1788836835	cqlite-flight	24
1788836850	cqlite-flight	24
1788836865	cqlite-flight	23
1788836880	cqlite-flight	23
1788836895	cqlite-flight	23
1788836910	cqlite-flight	23
1788836925	cqlite-flight	24
1788836940	cqlite-flight	24
1788836955	cqlite-flight	24
1788836970	cqlite-flight	24
1788836985	cqlite-flight	23
1788837000	cqlite-flight	23
1788837015	cqlite-flight	23
1788837030	cqlite-flight	23
1788837045	cqlite-flight	23
1788837060	cqlite-flight	23
1788837075	cqlite-flight	23
1788837090	cqlite-flight	23
1788837105	cqlite-flight	23
1788837120	cqlite-flight	23
1788837135	cqlite-flight	23
1788837150	cqlite-flight	23
1788837165	cqlite-flight	23
1788837180	cqlite-flight	23
1788837195	cqlite-flight	23
1788837210	cqlite-flight	23
1788837225	cqlite-flight	23
1788837240	cqlite-flight	23
1788837255	cqlite-flight	23
1788837270	cqlite-flight	23
1788837285	cqlite-flight	23
1788837300	cqlite-flight	23
1788837315	cqlite-flight	23
1788837330	cqlite-flight	23
1788837345	cqlite-flight	23
1788837360	cqlite-flight	23
1788837375	cqlite-flight	23
1788837390	cqlite-flight	23
1788837405	cqlite-flight	25
1788837420	cqlite-flight	25
1788837435	cqlite-flight	25
1788837450	cqlite-flight	25
1788837465	cqlite-flight	24
1788837480	cqlite-flight	24
1788837495	cqlite-flight	24
1788837510	cqlite-flight	24
1788837525	cqlite-flight	24
1788837540	cqlite-flight	24
1788837555	cqlite-flight	24
1788837570	cqlite-flight	24
1788837585	cqlite-flight	23
1788837600	cqlite-flight	23
1788837615	cqlite-flight	23
1788837630	cqlite-flight	23
1788837645	cqlite-flight	24
1788837660	cqlite-flight	24
1788837675	cqlite-flight	24
1788837690	cqlite-flight	24
1788837705	cqlite-flight	24
1788837720	cqlite-flight	24
1788837735	cqlite-flight	24
1788837750	cqlite-flight	24
1788837765	cqlite-flight	24
1788837780	cqlite-flight	24
1788837795	cqlite-flight	24
1788837810	cqlite-flight	24
1788837825	cqlite-flight	24
1788837840	cqlite-flight	24
1788837855	cqlite-flight	24
1788837870	cqlite-flight	24
1788837885	cqlite-flight	24
1788837900	cqlite-flight	24
1788837915	cqlite-flight	24
1788837930	cqlite-flight	24
1788837945	cqlite-flight	24
1788837960	cqlite-flight	24
1788837975	cqlite-flight	24
1788837990	cqlite-flight	24
1788838005	cqlite-flight	25
1788838020	cqlite-flight	25
1788838035	cqlite-flight	25
1788838050	cqlite-flight	25
1788838065	cqlite-flight	24
1788838080	cqlite-flight	24
1788838095	cqlite-flight	24
1788838110	cqlite-flight	24
1788838125	cqlite-flight	23
1788838140	cqlite-flight	23
1788838155	cqlite-flight	23
1788838170	cqlite-flight	23
1788838185	cqlite-flight	23
1788838200	cqlite-flight	23
1788838215	cqlite-flight	23
1788838230	cqlite-flight	23
1788838245	cqlite-flight	42
1788838260	cqlite-flight	42
1788838275	cqlite-flight	42
1788838290	cqlite-flight	42
1788838305	cqlite-flight	44
1788838320	cqlite-flight	44
1788838335	cqlite-flight	44
1788838350	cqlite-flight	44
1788838365	cqlite-flight	44
1788838380	cqlite-flight	44
1788838395	cqlite-flight	44
1788838410	cqlite-flight	44
1788838425	cqlite-flight	44
1788838440	cqlite-flight	44
1788838455	cqlite-flight	44
1788838470	cqlite-flight	44
1788838485	cqlite-flight	59
1788838500	cqlite-flight	59
1788838515	cqlite-flight	59
1788838530	cqlite-flight	59
1788838545	cqlite-flight	59
1788838560	cqlite-flight	59
1788838575	cqlite-flight	59
1788838590	cqlite-flight	59
1788838605	cqlite-flight	59
1788838620	cqlite-flight	59
1788838635	cqlite-flight	59
1788838650	cqlite-flight	59
1788838665	cqlite-flight	59
1788838680	cqlite-flight	59
1788838695	cqlite-flight	59
1788838710	cqlite-flight	59
1788838725	cqlite-flight	65
1788838740	cqlite-flight	65
1788838755	cqlite-flight	65
1788838770	cqlite-flight	65
1788838785	cqlite-flight	65
1788838800	cqlite-flight	65
1788838815	cqlite-flight	65
1788838830	cqlite-flight	65
1788838845	cqlite-flight	65
1788838860	cqlite-flight	65
1788838875	cqlite-flight	65
1788838890	cqlite-flight	65
1788838905	cqlite-flight	67
1788838920	cqlite-flight	67
1788838935	cqlite-flight	67
1788838950	cqlite-flight	67
1788838965	cqlite-flight	67
1788838980	cqlite-flight	67
1788838995	cqlite-flight	67
1788839010	cqlite-flight	67
1788839025	cqlite-flight	67
1788839040	cqlite-flight	67
1788839055	cqlite-flight	67
1788839070	cqlite-flight	67
1788839085	cqlite-flight	72
1788839100	cqlite-flight	72
1788839115	cqlite-flight	72
1788839130	cqlite-flight	72
1788839145	cqlite-flight	174
1788839160	cqlite-flight	174
1788839175	cqlite-flight	174
1788839190	cqlite-flight	174
1788839205	cqlite-flight	23
1788839220	cqlite-flight	23
1788839235	cqlite-flight	23
1788839250	cqlite-flight	23
1788839265	cqlite-flight	267
1788839280	cqlite-flight	267
1788839295	cqlite-flight	267
1788839310	cqlite-flight	267
1788839325	cqlite-flight	161
1788839340	cqlite-flight	161
1788839355	cqlite-flight	161
1788839370	cqlite-flight	161
1788839385	cqlite-flight	23
1788839400	cqlite-flight	23
1788839415	cqlite-flight	23
1788839430	cqlite-flight	23
1788839445	cqlite-flight	23
1788839460	cqlite-flight	23
1788839475	cqlite-flight	23
1788839490	cqlite-flight	23
1788839505	cqlite-flight	60
1788839520	cqlite-flight	60
1788839535	cqlite-flight	60
1788839550	cqlite-flight	60
1788839565	cqlite-flight	127
1788839580	cqlite-flight	127
1788839595	cqlite-flight	127
1788839610	cqlite-flight	127
1788839625	cqlite-flight	24
1788839640	cqlite-flight	24
1788839655	cqlite-flight	24
1788839670	cqlite-flight	24
1788839685	cqlite-flight	167
1788839700	cqlite-flight	167
1788839715	cqlite-flight	167
1788839730	cqlite-flight	167
1788839745	cqlite-flight	24
1788839760	cqlite-flight	24
1788839775	cqlite-flight	24
1788839790	cqlite-flight	24
1788839805	cqlite-flight	23
1788839820	cqlite-flight	23
1788839835	cqlite-flight	23
1788839850	cqlite-flight	23
1788839865	cqlite-flight	23
1788839880	cqlite-flight	23
1788839895	cqlite-flight	23
1788839910	cqlite-flight	23
1788839925	cqlite-flight	23
1788839940	cqlite-flight	23
1788839955	cqlite-flight	23
1788839970	cqlite-flight	23
1788839985	cqlite-flight	23
1788840000	cqlite-flight	23
1788840015	cqlite-flight	23
1788840030	cqlite-flight	23
1788840045	cqlite-flight	23
1788840060	cqlite-flight	23
1788840075	cqlite-flight	23
1788840090	cqlite-flight	23
1788840105	cqlite-flight	23
1788840120	cqlite-flight	23
1788840135	cqlite-flight	23
1788840150	cqlite-flight	23
1788840165	cqlite-flight	23
1788840180	cqlite-flight	23
1788840195	cqlite-flight	23
1788840210	cqlite-flight	23
1788840225	cqlite-flight	23
1788840240	cqlite-flight	23
1788840255	cqlite-flight	23
1788840270	cqlite-flight	23
1788840285	cqlite-flight	23
1788840300	cqlite-flight	23
1788840315	cqlite-flight	23
1788840330	cqlite-flight	23
1788840345	cqlite-flight	23
1788840360	cqlite-flight	23
1788840375	cqlite-flight	23
1788840390	cqlite-flight	23
1788840405	cqlite-flight	23
1788840420	cqlite-flight	23
1788840435	cqlite-flight	23
1788840450	cqlite-flight	23
1788840465	cqlite-flight	23
1788840480	cqlite-flight	23
1788840495	cqlite-flight	23
1788840510	cqlite-flight	23
1788840525	cqlite-flight	23
1788840540	cqlite-flight	23
1788840555	cqlite-flight	23
1788840570	cqlite-flight	23
1788840585	cqlite-flight	23
1788840600	cqlite-flight	23
1788840615	cqlite-flight	23
1788840630	cqlite-flight	23
1788840645	cqlite-flight	23
1788840660	cqlite-flight	23
1788840675	cqlite-flight	23
1788840690	cqlite-flight	23
1788840705	cqlite-flight	23
1788840720	cqlite-flight	23
1788840735	cqlite-flight	23
1788840750	cqlite-flight	23
1788840765	cqlite-flight	23
1788840780	cqlite-flight	23
1788840795	cqlite-flight	23
1788840810	cqlite-flight	23
1788840825	cqlite-flight	23
1788840840	cqlite-flight	23
1788840855	cqlite-flight	23
1788840870	cqlite-flight	23
1788840885	cqlite-flight	23
1788840900	cqlite-flight	23
1788840915	cqlite-flight	23
1788840930	cqlite-flight	23
1788840945	cqlite-flight	23
1788840960	cqlite-flight	23
1788840975	cqlite-flight	23
1788840990	cqlite-flight	23
1788841005	cqlite-flight	23
1788841020	cqlite-flight	23
1788841035	cqlite-flight	23
1788841050	cqlite-flight	23
1788841065	cqlite-flight	23
1788841080	cqlite-flight	23
1788841095	cqlite-flight	23
1788841110	cqlite-flight	23
1788841125	cqlite-flight	23
1788841140	cqlite-flight	23
1788841155	cqlite-flight	23
1788812745	cqlite-flight	12
1788812760	cqlite-flight	12
1788812775	cqlite-flight	12
1788812790	cqlite-flight	12
1788812805	cqlite-flight	12
1788812820	cqlite-flight	12
1788812835	cqlite-flight	12
1788812850	cqlite-flight	12
1788812865	cqlite-flight	12
1788812880	cqlite-flight	12
1788812895	cqlite-flight	12
1788812910	cqlite-flight	12
1788812925	cqlite-flight	12
1788812940	cqlite-flight	12
1788812955	cqlite-flight	12
1788812970	cqlite-flight	12
1788812985	cqlite-flight	12
1788813000	cqlite-flight	12
1788813015	cqlite-flight	12
1788813030	cqlite-flight	12
1788813045	cqlite-flight	12
1788813060	cqlite-flight	12
1788813075	cqlite-flight	12
1788813090	cqlite-flight	12
1788813105	cqlite-flight	12
1788813120	cqlite-flight	12
1788813135	cqlite-flight	12
1788813150	cqlite-flight	12
1788813165	cqlite-flight	12
1788813180	cqlite-flight	12
1788813195	cqlite-flight	12
1788813210	cqlite-flight	12
1788813225	cqlite-flight	12
1788813240	cqlite-flight	12
1788813255	cqlite-flight	12
1788813270	cqlite-flight	12
1788813285	cqlite-flight	12
1788813300	cqlite-flight	12
1788813315	cqlite-flight	12
1788813330	cqlite-flight	12
1788813345	cqlite-flight	12
1788813360	cqlite-flight	12
1788813375	cqlite-flight	12
1788813390	cqlite-flight	12
1788813405	cqlite-flight	12
1788813420	cqlite-flight	12
1788813435	cqlite-flight	12
1788813450	cqlite-flight	12
1788813465	cqlite-flight	12
1788813480	cqlite-flight	12
1788813495	cqlite-flight	12
1788813510	cqlite-flight	12
1788813525	cqlite-flight	12
1788813540	cqlite-flight	12
1788813555	cqlite-flight	12
1788813570	cqlite-flight	12
1788813585	cqlite-flight	12
1788813600	cqlite-flight	12
1788813615	cqlite-flight	12
1788813630	cqlite-flight	12
1788813645	cqlite-flight	12
1788813660	cqlite-flight	12
1788813675	cqlite-flight	12
1788813690	cqlite-flight	12
1788813705	cqlite-flight	12
1788813720	cqlite-flight	12
1788813735	cqlite-flight	12
1788813750	cqlite-flight	12
1788813765	cqlite-flight	12
1788813780	cqlite-flight	12
1788813795	cqlite-flight	12
1788813810	cqlite-flight	12
1788813825	cqlite-flight	12
1788813840	cqlite-flight	12
1788813855	cqlite-flight	12
1788813870	cqlite-flight	12
1788813885	cqlite-flight	12
1788813900	cqlite-flight	12
1788813915	cqlite-flight	12
1788813930	cqlite-flight	12
1788813945	cqlite-flight	12
1788813960	cqlite-flight	12
1788813975	cqlite-flight	12
1788813990	cqlite-flight	12
1788814005	cqlite-flight	12
1788814020	cqlite-flight	12
1788814035	cqlite-flight	12
1788814050	cqlite-flight	12
1788814065	cqlite-flight	12
1788814080	cqlite-flight	12
1788814095	cqlite-flight	12
1788814110	cqlite-flight	12
1788814125	cqlite-flight	12
1788814140	cqlite-flight	12
1788814155	cqlite-flight	12
1788814170	cqlite-flight	12
1788814185	cqlite-flight	12
1788814200	cqlite-flight	12
1788814215	cqlite-flight	12
1788814230	cqlite-flight	12
1788814245	cqlite-flight	12
1788814260	cqlite-flight	12
1788814275	cqlite-flight	12
1788814290	cqlite-flight	12
1788814305	cqlite-flight	12
1788814320	cqlite-flight	12
1788814335	cqlite-flight	12
1788814350	cqlite-flight	12
1788814365	cqlite-flight	12
1788814380	cqlite-flight	12
1788814395	cqlite-flight	12
1788814410	cqlite-flight	12
1788814425	cqlite-flight	12
1788814440	cqlite-flight	12
1788814455	cqlite-flight	12
1788814470	cqlite-flight	12
1788814485	cqlite-flight	12
1788814500	cqlite-flight	12
1788814515	cqlite-flight	12
1788814530	cqlite-flight	12
1788814545	cqlite-flight	12
1788814560	cqlite-flight	12
1788814575	cqlite-flight	12
1788814590	cqlite-flight	12
1788814605	cqlite-flight	12
1788814620	cqlite-flight	12
1788814635	cqlite-flight	12
1788814650	cqlite-flight	12
1788814665	cqlite-flight	12
1788814680	cqlite-flight	12
1788814695	cqlite-flight	12
1788814710	cqlite-flight	12
1788814725	cqlite-flight	12
1788814740	cqlite-flight	12
1788814755	cqlite-flight	12
1788814770	cqlite-flight	12
1788814785	cqlite-flight	12
1788814800	cqlite-flight	12
1788814815	cqlite-flight	12
1788814830	cqlite-flight	12
1788814845	cqlite-flight	12
1788814860	cqlite-flight	12
1788814875	cqlite-flight	12
1788814890	cqlite-flight	12
1788814905	cqlite-flight	12
1788814920	cqlite-flight	12
1788814935	cqlite-flight	12
1788814950	cqlite-flight	12
1788814965	cqlite-flight	12
1788814980	cqlite-flight	12
1788814995	cqlite-flight	12
1788815010	cqlite-flight	12
1788815025	cqlite-flight	12
1788815040	cqlite-flight	12
1788815055	cqlite-flight	12
1788815070	cqlite-flight	12
1788815085	cqlite-flight	12
1788815100	cqlite-flight	12
1788815115	cqlite-flight	12
1788815130	cqlite-flight	12
1788815145	cqlite-flight	12
1788815160	cqlite-flight	12
1788815175	cqlite-flight	12
1788815190	cqlite-flight	12
1788815205	cqlite-flight	12
1788815220	cqlite-flight	12
1788815235	cqlite-flight	12
1788815250	cqlite-flight	12
1788815265	cqlite-flight	12
1788815280	cqlite-flight	12
1788815295	cqlite-flight	12
1788815310	cqlite-flight	12
1788815325	cqlite-flight	12
1788815340	cqlite-flight	12
1788815355	cqlite-flight	12
1788815370	cqlite-flight	12
1788815385	cqlite-flight	12
1788815400	cqlite-flight	12
1788815415	cqlite-flight	12
1788815430	cqlite-flight	12
1788815445	cqlite-flight	12
1788815460	cqlite-flight	12
1788815475	cqlite-flight	12
1788815490	cqlite-flight	12
1788815505	cqlite-flight	12
1788815520	cqlite-flight	12
1788815535	cqlite-flight	12
1788815550	cqlite-flight	12
1788815565	cqlite-flight	12
1788815580	cqlite-flight	12
1788815595	cqlite-flight	12
1788815610	cqlite-flight	12
1788815625	cqlite-flight	12
1788815640	cqlite-flight	12
1788815655	cqlite-flight	12
1788815670	cqlite-flight	12
1788815685	cqlite-flight	12
1788815700	cqlite-flight	12
1788815715	cqlite-flight	12
1788815730	cqlite-flight	12
1788815745	cqlite-flight	12
1788815760	cqlite-flight	12
1788815775	cqlite-flight	12
1788815790	cqlite-flight	12
1788815805	cqlite-flight	12
1788815820	cqlite-flight	12
1788815835	cqlite-flight	12
1788815850	cqlite-flight	12
1788815865	cqlite-flight	12
1788815880	cqlite-flight	12
1788815895	cqlite-flight	12
1788815910	cqlite-flight	12
1788815925	cqlite-flight	12
1788815940	cqlite-flight	12
1788815955	cqlite-flight	12
1788815970	cqlite-flight	12
1788815985	cqlite-flight	12
1788816000	cqlite-flight	12
1788816015	cqlite-flight	12
1788816030	cqlite-flight	12
1788816045	cqlite-flight	12
1788816060	cqlite-flight	12
1788816075	cqlite-flight	12
1788816090	cqlite-flight	12
1788816105	cqlite-flight	12
1788816120	cqlite-flight	12
1788816135	cqlite-flight	12
1788816150	cqlite-flight	12
1788816165	cqlite-flight	12
1788816180	cqlite-flight	12
1788816195	cqlite-flight	12
1788816210	cqlite-flight	12
1788816225	cqlite-flight	12
1788816240	cqlite-flight	12
1788816255	cqlite-flight	12
1788816270	cqlite-flight	12
1788816285	cqlite-flight	12
1788816300	cqlite-flight	12
1788816315	cqlite-flight	12
1788816330	cqlite-flight	12
1788816345	cqlite-flight	12
1788816360	cqlite-flight	12
1788816375	cqlite-flight	12
1788816390	cqlite-flight	12
1788816405	cqlite-flight	12
1788816420	cqlite-flight	12
1788816435	cqlite-flight	12
1788816450	cqlite-flight	12
1788816465	cqlite-flight	12
1788816480	cqlite-flight	12
1788816495	cqlite-flight	12
1788816510	cqlite-flight	12
1788816525	cqlite-flight	12
1788816540	cqlite-flight	12
1788816555	cqlite-flight	12
1788816570	cqlite-flight	12
1788816585	cqlite-flight	12
1788816600	cqlite-flight	12
1788816615	cqlite-flight	12
1788816630	cqlite-flight	12
1788816645	cqlite-flight	12
1788816660	cqlite-flight	12
1788816675	cqlite-flight	12
1788816690	cqlite-flight	12
1788816705	cqlite-flight	12
1788816720	cqlite-flight	12
1788816735	cqlite-flight	12
1788816750	cqlite-flight	12
1788816765	cqlite-flight	12
1788816780	cqlite-flight	12
1788816795	cqlite-flight	12
1788816810	cqlite-flight	12
1788816825	cqlite-flight	12
1788816840	cqlite-flight	12
1788816855	cqlite-flight	12
1788816870	cqlite-flight	12
1788816885	cqlite-flight	12
1788816900	cqlite-flight	12
1788816915	cqlite-flight	12
1788816930	cqlite-flight	12
1788816945	cqlite-flight	12
1788816960	cqlite-flight	12
1788816975	cqlite-flight	12
1788816990	cqlite-flight	12
1788817005	cqlite-flight	12
1788817020	cqlite-flight	12
1788817035	cqlite-flight	12
1788817050	cqlite-flight	12
1788817065	cqlite-flight	12
1788817080	cqlite-flight	12
1788817095	cqlite-flight	12
1788817110	cqlite-flight	12
1788817125	cqlite-flight	12
1788817140	cqlite-flight	12
1788817155	cqlite-flight	12
1788817170	cqlite-flight	12
1788817185	cqlite-flight	12
1788817200	cqlite-flight	12
1788817215	cqlite-flight	12
1788817230	cqlite-flight	12
1788817245	cqlite-flight	12
1788817260	cqlite-flight	12
1788817275	cqlite-flight	12
1788817290	cqlite-flight	12
1788817305	cqlite-flight	12
1788817320	cqlite-flight	12
1788817335	cqlite-flight	12
1788817350	cqlite-flight	12
1788817365	cqlite-flight	12
1788817380	cqlite-flight	12
1788817395	cqlite-flight	12
1788817410	cqlite-flight	12
1788817425	cqlite-flight	12
1788817440	cqlite-flight	12
1788817455	cqlite-flight	12
1788817470	cqlite-flight	12
1788817485	cqlite-flight	12
1788817500	cqlite-flight	12
1788817515	cqlite-flight	12
1788817530	cqlite-flight	12
1788817545	cqlite-flight	12
1788817560	cqlite-flight	12
1788817575	cqlite-flight	12
1788817590	cqlite-flight	12
1788817605	cqlite-flight	12
1788817620	cqlite-flight	12
1788817635	cqlite-flight	12
1788817650	cqlite-flight	12
1788817665	cqlite-flight	12
1788817680	cqlite-flight	12
1788817695	cqlite-flight	12
1788817710	cqlite-flight	12
1788817725	cqlite-flight	12
1788817740	cqlite-flight	12
1788817755	cqlite-flight	12
1788817770	cqlite-flight	12
1788817785	cqlite-flight	12
1788817800	cqlite-flight	12
1788817815	cqlite-flight	12
1788817830	cqlite-flight	12
1788817845	cqlite-flight	12
1788817860	cqlite-flight	12
1788817875	cqlite-flight	12
1788817890	cqlite-flight	12
1788817905	cqlite-flight	12
1788817920	cqlite-flight	12
1788817935	cqlite-flight	12
1788817950	cqlite-flight	12
1788817965	cqlite-flight	12
1788817980	cqlite-flight	12
1788817995	cqlite-flight	12
1788818010	cqlite-flight	12
1788818025	cqlite-flight	12
1788818040	cqlite-flight	12
1788818055	cqlite-flight	12
1788818070	cqlite-flight	12
1788818085	cqlite-flight	12
1788818100	cqlite-flight	12
1788818115	cqlite-flight	12
1788818130	cqlite-flight	12
1788818145	cqlite-flight	12
1788818160	cqlite-flight	12
1788818175	cqlite-flight	12
1788818190	cqlite-flight	12
1788818205	cqlite-flight	12
1788818220	cqlite-flight	12
1788818235	cqlite-flight	12
1788818250	cqlite-flight	12
1788818265	cqlite-flight	12
1788818280	cqlite-flight	12
1788818295	cqlite-flight	12
1788818310	cqlite-flight	12
1788818325	cqlite-flight	12
1788818340	cqlite-flight	12
1788818355	cqlite-flight	12
1788818370	cqlite-flight	12
1788818385	cqlite-flight	12
1788818400	cqlite-flight	12
1788818415	cqlite-flight	12
1788818430	cqlite-flight	12
1788818445	cqlite-flight	12
1788818460	cqlite-flight	12
1788818475	cqlite-flight	12
1788818490	cqlite-flight	12
1788818505	cqlite-flight	12
1788818520	cqlite-flight	12
1788818535	cqlite-flight	12
1788818550	cqlite-flight	12
1788818565	cqlite-flight	12
1788818580	cqlite-flight	12
1788818595	cqlite-flight	12
1788818610	cqlite-flight	12
1788818625	cqlite-flight	12
1788818640	cqlite-flight	12
1788818655	cqlite-flight	12
1788818670	cqlite-flight	12
1788818685	cqlite-flight	12
1788818700	cqlite-flight	12
1788818715	cqlite-flight	12
1788818730	cqlite-flight	12
1788818745	cqlite-flight	12
1788818760	cqlite-flight	12
1788818775	cqlite-flight	12
1788818790	cqlite-flight	12
1788818805	cqlite-flight	12
1788818820	cqlite-flight	12
1788818835	cqlite-flight	12
1788818850	cqlite-flight	12
1788818865	cqlite-flight	12
1788818880	cqlite-flight	12
1788818895	cqlite-flight	12
1788818910	cqlite-flight	12
1788818925	cqlite-flight	12
1788818940	cqlite-flight	12
1788818955	cqlite-flight	12
1788818970	cqlite-flight	12
1788818985	cqlite-flight	12
1788819000	cqlite-flight	12
1788819015	cqlite-flight	12
1788819030	cqlite-flight	12
1788819045	cqlite-flight	12
1788819060	cqlite-flight	12
1788819075	cqlite-flight	12
1788819090	cqlite-flight	12
1788819105	cqlite-flight	12
1788819120	cqlite-flight	12
1788819135	cqlite-flight	12
1788819150	cqlite-flight	12
1788819165	cqlite-flight	12
1788819180	cqlite-flight	12
1788819195	cqlite-flight	12
1788819210	cqlite-flight	12
1788819225	cqlite-flight	12
1788819240	cqlite-flight	12
1788819255	cqlite-flight	12
1788819270	cqlite-flight	12
1788819285	cqlite-flight	12
1788819300	cqlite-flight	12
1788819315	cqlite-flight	12
1788819330	cqlite-flight	12
1788819345	cqlite-flight	12
1788819360	cqlite-flight	12
1788819375	cqlite-flight	12
1788819390	cqlite-flight	12
1788819405	cqlite-flight	12
1788819420	cqlite-flight	12
1788819435	cqlite-flight	12
1788819450	cqlite-flight	12
1788819465	cqlite-flight	12
1788819480	cqlite-flight	12
1788819495	cqlite-flight	12
1788819510	cqlite-flight	12
1788819525	cqlite-flight	12
1788819540	cqlite-flight	12
1788819555	cqlite-flight	12
1788819570	cqlite-flight	12
1788819585	cqlite-flight	12
1788819600	cqlite-flight	12
1788819615	cqlite-flight	12
1788819630	cqlite-flight	12
1788819645	cqlite-flight	12
1788819660	cqlite-flight	12
1788819675	cqlite-flight	12
1788819690	cqlite-flight	12
1788819705	cqlite-flight	12
1788819720	cqlite-flight	12
1788819735	cqlite-flight	12
1788819750	cqlite-flight	12
1788819765	cqlite-flight	12
1788819780	cqlite-flight	12
1788819795	cqlite-flight	12
1788819810	cqlite-flight	12
1788819825	cqlite-flight	12
1788819840	cqlite-flight	12
1788819855	cqlite-flight	12
1788819870	cqlite-flight	12
1788819885	cqlite-flight	12
1788819900	cqlite-flight	12
1788819915	cqlite-flight	12
1788819930	cqlite-flight	12
1788819945	cqlite-flight	12
1788819960	cqlite-flight	12
1788819975	cqlite-flight	12
1788819990	cqlite-flight	12
1788820005	cqlite-flight	12
1788820020	cqlite-flight	12
1788820035	cqlite-flight	12
1788820050	cqlite-flight	12
1788820065	cqlite-flight	12
1788820080	cqlite-flight	12
1788820095	cqlite-flight	12
1788820110	cqlite-flight	12
1788820125	cqlite-flight	12
1788820140	cqlite-flight	12
1788820155	cqlite-flight	12
1788820170	cqlite-flight	12
1788820185	cqlite-flight	12
1788820200	cqlite-flight	12
1788820215	cqlite-flight	12
1788820230	cqlite-flight	12
1788820245	cqlite-flight	12
1788820260	cqlite-flight	12
1788820275	cqlite-flight	12
1788820290	cqlite-flight	12
1788820305	cqlite-flight	12
1788820320	cqlite-flight	12
1788820335	cqlite-flight	12
1788820350	cqlite-flight	12
1788820365	cqlite-flight	12
1788820380	cqlite-flight	12
1788820395	cqlite-flight	12
1788820410	cqlite-flight	12
1788820425	cqlite-flight	12
1788820440	cqlite-flight	12
1788820455	cqlite-flight	12
1788820470	cqlite-flight	12
1788820485	cqlite-flight	12
1788820500	cqlite-flight	12
1788820515	cqlite-flight	12
1788820530	cqlite-flight	12
1788820545	cqlite-flight	12
1788820560	cqlite-flight	12
1788820575	cqlite-flight	12
1788820590	cqlite-flight	12
1788820605	cqlite-flight	12
1788820620	cqlite-flight	12
1788820635	cqlite-flight	12
1788820650	cqlite-flight	12
1788820665	cqlite-flight	12
1788820680	cqlite-flight	12
1788820695	cqlite-flight	12
1788820710	cqlite-flight	12
1788820725	cqlite-flight	12
1788820740	cqlite-flight	12
1788820755	cqlite-flight	12
1788820770	cqlite-flight	12
1788820785	cqlite-flight	12
1788820800	cqlite-flight	12
1788820815	cqlite-flight	12
1788820830	cqlite-flight	12
1788820845	cqlite-flight	12
1788820860	cqlite-flight	12
1788820875	cqlite-flight	12
1788820890	cqlite-flight	12
1788820905	cqlite-flight	12
1788820920	cqlite-flight	12
1788820935	cqlite-flight	12
1788820950	cqlite-flight	12
1788820965	cqlite-flight	12
1788820980	cqlite-flight	12
1788820995	cqlite-flight	12
1788821010	cqlite-flight	12
1788821025	cqlite-flight	12
1788821040	cqlite-flight	12
1788821055	cqlite-flight	12
1788821070	cqlite-flight	12
1788821085	cqlite-flight	12
1788821100	cqlite-flight	12
1788821115	cqlite-flight	12
1788821130	cqlite-flight	12
1788821145	cqlite-flight	12
1788821160	cqlite-flight	12
1788821175	cqlite-flight	12
1788821190	cqlite-flight	12
1788821205	cqlite-flight	12
1788821220	cqlite-flight	12
1788821235	cqlite-flight	12
1788821250	cqlite-flight	12
1788821265	cqlite-flight	12
1788821280	cqlite-flight	12
1788821295	cqlite-flight	12
1788821310	cqlite-flight	12
1788821325	cqlite-flight	12
1788821340	cqlite-flight	12
1788821355	cqlite-flight	12
1788821370	cqlite-flight	12
1788821385	cqlite-flight	12
1788821400	cqlite-flight	12
1788821415	cqlite-flight	12
1788821430	cqlite-flight	12
1788821445	cqlite-flight	12
1788821460	cqlite-flight	12
1788821475	cqlite-flight	12
1788821490	cqlite-flight	12
1788821505	cqlite-flight	12
1788821520	cqlite-flight	12
1788821535	cqlite-flight	12
1788821550	cqlite-flight	12
1788821565	cqlite-flight	12
1788821580	cqlite-flight	12
1788821595	cqlite-flight	12
1788821610	cqlite-flight	12
1788821625	cqlite-flight	12
1788821640	cqlite-flight	12
1788821655	cqlite-flight	12
1788821670	cqlite-flight	12
1788821685	cqlite-flight	12
1788821700	cqlite-flight	12
1788821715	cqlite-flight	12
1788821730	cqlite-flight	12
1788821745	cqlite-flight	12
1788821760	cqlite-flight	12
1788821775	cqlite-flight	12
1788821790	cqlite-flight	12
1788821805	cqlite-flight	12
1788821820	cqlite-flight	12
1788821835	cqlite-flight	12
1788821850	cqlite-flight	12
1788821865	cqlite-flight	12
1788821880	cqlite-flight	12
1788821895	cqlite-flight	12
1788821910	cqlite-flight	12
1788821925	cqlite-flight	12
1788821940	cqlite-flight	12
1788821955	cqlite-flight	12
1788821970	cqlite-flight	12
1788821985	cqlite-flight	12
1788822000	cqlite-flight	12
1788822015	cqlite-flight	12
1788822030	cqlite-flight	12
1788822045	cqlite-flight	12
1788822060	cqlite-flight	12
1788822075	cqlite-flight	12
1788822090	cqlite-flight	12
1788822105	cqlite-flight	12
1788822120	cqlite-flight	12
1788822135	cqlite-flight	12
1788822150	cqlite-flight	12
1788822165	cqlite-flight	12
1788822180	cqlite-flight	12
1788822195	cqlite-flight	12
1788822210	cqlite-flight	12
1788822225	cqlite-flight	12
1788822240	cqlite-flight	12
1788822255	cqlite-flight	12
1788822270	cqlite-flight	12
1788822285	cqlite-flight	12
1788822300	cqlite-flight	12
1788822315	cqlite-flight	12
1788822330	cqlite-flight	12
1788822345	cqlite-flight	12
1788822360	cqlite-flight	12
1788822375	cqlite-flight	12
1788822390	cqlite-flight	12
1788822405	cqlite-flight	12
1788822420	cqlite-flight	12
1788822435	cqlite-flight	12
1788822450	cqlite-flight	12
1788822465	cqlite-flight	12
1788822480	cqlite-flight	12
1788822495	cqlite-flight	12
1788822510	cqlite-flight	12
1788822525	cqlite-flight	12
1788822540	cqlite-flight	12
1788822555	cqlite-flight	12
1788822570	cqlite-flight	12
1788822585	cqlite-flight	12
1788822600	cqlite-flight	12
1788822615	cqlite-flight	12
1788822630	cqlite-flight	12
1788822645	cqlite-flight	12
1788822660	cqlite-flight	12
1788822675	cqlite-flight	12
1788822690	cqlite-flight	12
1788822705	cqlite-flight	12
1788822720	cqlite-flight	12
1788822735	cqlite-flight	12
1788822750	cqlite-flight	12
1788822765	cqlite-flight	12
1788822780	cqlite-flight	12
1788822795	cqlite-flight	12
1788822810	cqlite-flight	12
1788822825	cqlite-flight	12
1788822840	cqlite-flight	12
1788822855	cqlite-flight	12
1788822870	cqlite-flight	12
1788822885	cqlite-flight	12
1788822900	cqlite-flight	12
1788822915	cqlite-flight	12
1788822930	cqlite-flight	12
1788822945	cqlite-flight	12
1788822960	cqlite-flight	12
1788822975	cqlite-flight	12
1788822990	cqlite-flight	12
1788823005	cqlite-flight	12
1788823020	cqlite-flight	12
1788823035	cqlite-flight	12
1788823050	cqlite-flight	12
1788823065	cqlite-flight	12
1788823080	cqlite-flight	12
1788823095	cqlite-flight	12
1788823110	cqlite-flight	12
1788823125	cqlite-flight	12
1788823140	cqlite-flight	12
1788823155	cqlite-flight	12
1788823170	cqlite-flight	12
1788823185	cqlite-flight	12
1788823200	cqlite-flight	12
1788823215	cqlite-flight	12
1788823230	cqlite-flight	12
1788823245	cqlite-flight	12
1788823260	cqlite-flight	12
1788823275	cqlite-flight	12
1788823290	cqlite-flight	12
1788823305	cqlite-flight	12
1788823320	cqlite-flight	12
1788823335	cqlite-flight	12
1788823350	cqlite-flight	12
1788823365	cqlite-flight	12
1788823380	cqlite-flight	12
1788823395	cqlite-flight	12
1788823410	cqlite-flight	12
1788823425	cqlite-flight	12
1788823440	cqlite-flight	12
1788823455	cqlite-flight	12
1788823470	cqlite-flight	12
1788823485	cqlite-flight	12
1788823500	cqlite-flight	12
1788823515	cqlite-flight	12
1788823530	cqlite-flight	12
1788823545	cqlite-flight	12
1788823560	cqlite-flight	12
1788823575	cqlite-flight	12
1788823590	cqlite-flight	12
1788823605	cqlite-flight	12
1788823620	cqlite-flight	12
1788823635	cqlite-flight	12
1788823650	cqlite-flight	12
1788823665	cqlite-flight	12
1788823680	cqlite-flight	12
1788823695	cqlite-flight	12
1788823710	cqlite-flight	12
1788823725	cqlite-flight	12
1788823740	cqlite-flight	12
1788823755	cqlite-flight	12
1788823770	cqlite-flight	12
1788823785	cqlite-flight	12
1788823800	cqlite-flight	12
1788823815	cqlite-flight	12
1788823830	cqlite-flight	12
1788823845	cqlite-flight	12
1788823860	cqlite-flight	12
1788823875	cqlite-flight	12
1788823890	cqlite-flight	12
1788823905	cqlite-flight	12
1788823920	cqlite-flight	12
1788823935	cqlite-flight	12
1788823950	cqlite-flight	12
1788823965	cqlite-flight	12
1788823980	cqlite-flight	12
1788823995	cqlite-flight	12
1788824010	cqlite-flight	12
1788824025	cqlite-flight	12
1788824040	cqlite-flight	12
1788824055	cqlite-flight	12
1788824070	cqlite-flight	12
1788824085	cqlite-flight	12
1788824100	cqlite-flight	12
1788824115	cqlite-flight	12
1788824130	cqlite-flight	12
1788824145	cqlite-flight	12
1788824160	cqlite-flight	12
1788824175	cqlite-flight	12
1788824190	cqlite-flight	12
1788824205	cqlite-flight	12
1788824220	cqlite-flight	12
1788824235	cqlite-flight	12
1788824250	cqlite-flight	12
1788824265	cqlite-flight	12
1788824280	cqlite-flight	12
1788824295	cqlite-flight	12
1788824310	cqlite-flight	12
1788824325	cqlite-flight	12
1788824340	cqlite-flight	12
1788824355	cqlite-flight	12
1788824370	cqlite-flight	12
1788824385	cqlite-flight	12
1788824400	cqlite-flight	12
1788824415	cqlite-flight	12
1788824430	cqlite-flight	12
1788824445	cqlite-flight	12
1788824460	cqlite-flight	12
1788824475	cqlite-flight	12
1788824490	cqlite-flight	12
1788824505	cqlite-flight	12
1788824520	cqlite-flight	12
1788824535	cqlite-flight	12
1788824550	cqlite-flight	12
1788824565	cqlite-flight	12
1788824580	cqlite-flight	12
1788824595	cqlite-flight	12
1788824610	cqlite-flight	12
1788824625	cqlite-flight	12
1788824640	cqlite-flight	12
1788824655	cqlite-flight	12
1788824670	cqlite-flight	12
1788824685	cqlite-flight	12
1788824700	cqlite-flight	12
1788824715	cqlite-flight	12
1788824730	cqlite-flight	12
1788824745	cqlite-flight	12
1788824760	cqlite-flight	12
1788824775	cqlite-flight	12
1788824790	cqlite-flight	12
1788824805	cqlite-flight	12
1788824820	cqlite-flight	12
1788824835	cqlite-flight	12
1788824850	cqlite-flight	12
1788824865	cqlite-flight	12
1788824880	cqlite-flight	12
1788824895	cqlite-flight	12
1788824910	cqlite-flight	12
1788824925	cqlite-flight	12
1788824940	cqlite-flight	12
1788824955	cqlite-flight	12
1788824970	cqlite-flight	12
1788824985	cqlite-flight	12
1788825000	cqlite-flight	12
1788825015	cqlite-flight	12
1788825030	cqlite-flight	12
1788825045	cqlite-flight	12
1788825060	cqlite-flight	12
1788825075	cqlite-flight	12
1788825090	cqlite-flight	12
1788825105	cqlite-flight	12
1788825120	cqlite-flight	12
1788825135	cqlite-flight	12
1788825150	cqlite-flight	12
1788825165	cqlite-flight	12
1788825180	cqlite-flight	12
1788825195	cqlite-flight	12
1788825210	cqlite-flight	12
1788825225	cqlite-flight	12
1788825240	cqlite-flight	12
1788825255	cqlite-flight	12
1788825270	cqlite-flight	12
1788825285	cqlite-flight	12
1788825300	cqlite-flight	12
1788825315	cqlite-flight	12
1788825330	cqlite-flight	12
1788825345	cqlite-flight	12
1788825360	cqlite-flight	12
1788825375	cqlite-flight	12
1788825390	cqlite-flight	12
1788825405	cqlite-flight	12
1788825420	cqlite-flight	12
1788825435	cqlite-flight	12
1788825450	cqlite-flight	12
1788825465	cqlite-flight	12
1788825480	cqlite-flight	12
1788825495	cqlite-flight	12
1788825510	cqlite-flight	12
1788825525	cqlite-flight	12
1788825540	cqlite-flight	12
1788825555	cqlite-flight	12
1788825570	cqlite-flight	12
1788825585	cqlite-flight	12
1788825600	cqlite-flight	12
1788825615	cqlite-flight	12
1788825630	cqlite-flight	12
1788825645	cqlite-flight	12
1788825660	cqlite-flight	12
1788825675	cqlite-flight	12
1788825690	cqlite-flight	12
1788825705	cqlite-flight	12
1788825720	cqlite-flight	12
1788825735	cqlite-flight	12
1788825750	cqlite-flight	12
1788825765	cqlite-flight	12
1788825780	cqlite-flight	12
1788825795	cqlite-flight	12
1788825810	cqlite-flight	12
1788825825	cqlite-flight	12
1788825840	cqlite-flight	12
1788825855	cqlite-flight	12
1788825870	cqlite-flight	12
1788825885	cqlite-flight	12
1788825900	cqlite-flight	12
1788825915	cqlite-flight	12
1788825930	cqlite-flight	12
1788825945	cqlite-flight	12
1788825960	cqlite-flight	12
1788825975	cqlite-flight	12
1788825990	cqlite-flight	12
1788826005	cqlite-flight	12
1788826020	cqlite-flight	12
1788826035	cqlite-flight	12
1788826050	cqlite-flight	12
1788826065	cqlite-flight	12
1788826080	cqlite-flight	12
1788826095	cqlite-flight	12
1788826110	cqlite-flight	12
1788826125	cqlite-flight	12
1788826140	cqlite-flight	12
1788826155	cqlite-flight	12
1788826170	cqlite-flight	12
1788826185	cqlite-flight	12
1788826200	cqlite-flight	12
1788826215	cqlite-flight	12
1788826230	cqlite-flight	12
1788826245	cqlite-flight	12
1788826260	cqlite-flight	12
1788826275	cqlite-flight	12
1788826290	cqlite-flight	12
1788826305	cqlite-flight	12
1788826320	cqlite-flight	12
1788826335	cqlite-flight	12
1788826350	cqlite-flight	12
1788826365	cqlite-flight	12
1788826380	cqlite-flight	12
1788826395	cqlite-flight	12
1788826410	cqlite-flight	12
1788826425	cqlite-flight	12
1788826440	cqlite-flight	12
1788826455	cqlite-flight	12
1788826470	cqlite-flight	12
1788826485	cqlite-flight	12
1788826500	cqlite-flight	12
1788826515	cqlite-flight	12
1788826530	cqlite-flight	12
1788826545	cqlite-flight	12
1788826560	cqlite-flight	12
1788826575	cqlite-flight	12
1788826590	cqlite-flight	12
1788826605	cqlite-flight	12
1788826620	cqlite-flight	12
1788826635	cqlite-flight	12
1788826650	cqlite-flight	12
1788826665	cqlite-flight	12
1788826680	cqlite-flight	12
1788826695	cqlite-flight	12
1788826710	cqlite-flight	12
1788826725	cqlite-flight	12
1788826740	cqlite-flight	12
1788826755	cqlite-flight	12
1788826770	cqlite-flight	12
1788826785	cqlite-flight	12
1788826800	cqlite-flight	12
1788826815	cqlite-flight	12
1788826830	cqlite-flight	12
1788826845	cqlite-flight	12
1788826860	cqlite-flight	12
1788826875	cqlite-flight	12
1788826890	cqlite-flight	12
1788826905	cqlite-flight	12
1788826920	cqlite-flight	12
1788826935	cqlite-flight	12
1788826950	cqlite-flight	12
1788826965	cqlite-flight	12
1788826980	cqlite-flight	12
1788826995	cqlite-flight	12
1788827010	cqlite-flight	12
1788827025	cqlite-flight	12
1788827040	cqlite-flight	12
1788827055	cqlite-flight	12
1788827070	cqlite-flight	12
1788827085	cqlite-flight	12
1788827100	cqlite-flight	12
1788827115	cqlite-flight	12
1788827130	cqlite-flight	12
1788827145	cqlite-flight	12
1788827160	cqlite-flight	12
1788827175	cqlite-flight	12
1788827190	cqlite-flight	12
1788827205	cqlite-flight	12
1788827220	cqlite-flight	12
1788827235	cqlite-flight	12
1788827250	cqlite-flight	12
1788827265	cqlite-flight	12
1788827280	cqlite-flight	12
1788827295	cqlite-flight	12
1788827310	cqlite-flight	12
1788827325	cqlite-flight	12
1788827340	cqlite-flight	12
1788827355	cqlite-flight	12
1788827370	cqlite-flight	12
1788827385	cqlite-flight	12
1788827400	cqlite-flight	12
1788827415	cqlite-flight	12
1788827430	cqlite-flight	12
1788827445	cqlite-flight	12
1788827460	cqlite-flight	12
1788827475	cqlite-flight	12
1788827490	cqlite-flight	12
1788827505	cqlite-flight	12
1788827520	cqlite-flight	12
1788827535	cqlite-flight	12
1788827550	cqlite-flight	12
1788827565	cqlite-flight	12
1788827580	cqlite-flight	12
1788827595	cqlite-flight	12
1788827610	cqlite-flight	12
1788827625	cqlite-flight	12
1788827640	cqlite-flight	12
1788827655	cqlite-flight	12
1788827670	cqlite-flight	12
1788827685	cqlite-flight	12
1788827700	cqlite-flight	12
1788827715	cqlite-flight	12
1788827730	cqlite-flight	12
1788827745	cqlite-flight	12
1788827760	cqlite-flight	12
1788827775	cqlite-flight	12
1788827790	cqlite-flight	12
1788827805	cqlite-flight	12
1788827820	cqlite-flight	12
1788827835	cqlite-flight	12
1788827850	cqlite-flight	12
1788827865	cqlite-flight	12
1788827880	cqlite-flight	12
1788827895	cqlite-flight	12
1788827910	cqlite-flight	12
1788827925	cqlite-flight	12
1788827940	cqlite-flight	12
1788827955	cqlite-flight	12
1788827970	cqlite-flight	12
1788827985	cqlite-flight	12
1788828000	cqlite-flight	12
1788828015	cqlite-flight	12
1788828030	cqlite-flight	12
1788828045	cqlite-flight	12
1788828060	cqlite-flight	12
1788828075	cqlite-flight	12
1788828090	cqlite-flight	12
1788828105	cqlite-flight	12
1788828120	cqlite-flight	12
1788828135	cqlite-flight	12
1788828150	cqlite-flight	12
1788828165	cqlite-flight	12
1788828180	cqlite-flight	12
1788828195	cqlite-flight	12
1788828210	cqlite-flight	12
1788828225	cqlite-flight	12
1788828240	cqlite-flight	12
1788828255	cqlite-flight	12
1788828270	cqlite-flight	12
1788828285	cqlite-flight	12
1788828300	cqlite-flight	12
1788828315	cqlite-flight	12
1788828330	cqlite-flight	12
1788828345	cqlite-flight	12
1788828360	cqlite-flight	12
1788828375	cqlite-flight	12
1788828390	cqlite-flight	12
1788828405	cqlite-flight	12
1788828420	cqlite-flight	12
1788828435	cqlite-flight	12
1788828450	cqlite-flight	12
1788828465	cqlite-flight	12
1788828480	cqlite-flight	12
1788828495	cqlite-flight	12
1788828510	cqlite-flight	12
1788828525	cqlite-flight	12
1788828540	cqlite-flight	12
1788828555	cqlite-flight	12
1788828570	cqlite-flight	12
1788828585	cqlite-flight	12
1788828600	cqlite-flight	12
1788828615	cqlite-flight	12
1788828630	cqlite-flight	12
1788828645	cqlite-flight	12
1788828660	cqlite-flight	12
1788828675	cqlite-flight	12
1788828690	cqlite-flight	12
1788828705	cqlite-flight	12
1788828720	cqlite-flight	12
1788828735	cqlite-flight	12
1788828750	cqlite-flight	12
1788828765	cqlite-flight	12
1788828780	cqlite-flight	12
1788828795	cqlite-flight	12
1788828810	cqlite-flight	12
1788828825	cqlite-flight	12
1788828840	cqlite-flight	12
1788828855	cqlite-flight	12
1788828870	cqlite-flight	12
1788828885	cqlite-flight	12
1788828900	cqlite-flight	12
1788828915	cqlite-flight	12
1788828930	cqlite-flight	12
1788828945	cqlite-flight	12
1788828960	cqlite-flight	12
1788828975	cqlite-flight	12
1788828990	cqlite-flight	12
1788829005	cqlite-flight	12
1788829020	cqlite-flight	12
1788829035	cqlite-flight	12
1788829050	cqlite-flight	12
1788829065	cqlite-flight	12
1788829080	cqlite-flight	12
1788829095	cqlite-flight	12
1788829110	cqlite-flight	12
1788829125	cqlite-flight	12
1788829140	cqlite-flight	12
1788829155	cqlite-flight	12
1788829170	cqlite-flight	12
1788829185	cqlite-flight	12
1788829200	cqlite-flight	12
1788829215	cqlite-flight	12
1788829230	cqlite-flight	12
1788829245	cqlite-flight	12
1788829260	cqlite-flight	12
1788829275	cqlite-flight	12
1788829290	cqlite-flight	12
1788829305	cqlite-flight	12
1788829320	cqlite-flight	12
1788829335	cqlite-flight	12
1788829350	cqlite-flight	12
1788829365	cqlite-flight	12
1788829380	cqlite-flight	12
1788829395	cqlite-flight	12
1788829410	cqlite-flight	12
1788829425	cqlite-flight	12
1788829440	cqlite-flight	12
1788829455	cqlite-flight	12
1788829470	cqlite-flight	12
1788829485	cqlite-flight	12
1788829500	cqlite-flight	12
1788829515	cqlite-flight	12
1788829530	cqlite-flight	12
1788829545	cqlite-flight	12
1788829560	cqlite-flight	12
1788829575	cqlite-flight	12
1788829590	cqlite-flight	12
1788829605	cqlite-flight	12
1788829620	cqlite-flight	12
1788829635	cqlite-flight	12
1788829650	cqlite-flight	12
1788829665	cqlite-flight	12
1788829680	cqlite-flight	12
1788829695	cqlite-flight	12
1788829710	cqlite-flight	12
1788829725	cqlite-flight	12
1788829740	cqlite-flight	12
1788829755	cqlite-flight	12
1788829770	cqlite-flight	12
1788829785	cqlite-flight	12
1788829800	cqlite-flight	12
1788829815	cqlite-flight	12
1788829830	cqlite-flight	12
1788829845	cqlite-flight	12
1788829860	cqlite-flight	12
1788829875	cqlite-flight	12
1788829890	cqlite-flight	12
1788829905	cqlite-flight	12
1788829920	cqlite-flight	12
1788829935	cqlite-flight	12
1788829950	cqlite-flight	12
1788829965	cqlite-flight	12
1788829980	cqlite-flight	12
1788829995	cqlite-flight	12
1788830010	cqlite-flight	12
1788830025	cqlite-flight	12
1788830040	cqlite-flight	12
1788830055	cqlite-flight	12
1788830070	cqlite-flight	12
1788830085	cqlite-flight	12
1788830100	cqlite-flight	12
1788830115	cqlite-flight	12
1788830130	cqlite-flight	12
1788830145	cqlite-flight	12
1788830160	cqlite-flight	12
1788830175	cqlite-flight	12
1788830190	cqlite-flight	12
1788830205	cqlite-flight	12
1788830220	cqlite-flight	12
1788830235	cqlite-flight	12
1788830250	cqlite-flight	12
1788830265	cqlite-flight	12
1788830280	cqlite-flight	12
1788830295	cqlite-flight	12
1788830310	cqlite-flight	12
1788830325	cqlite-flight	12
1788830340	cqlite-flight	12
1788830355	cqlite-flight	12
1788830370	cqlite-flight	12
1788830385	cqlite-flight	12
1788830400	cqlite-flight	12
1788830415	cqlite-flight	12
1788830430	cqlite-flight	12
1788830445	cqlite-flight	12
1788830460	cqlite-flight	12
1788830475	cqlite-flight	12
1788830490	cqlite-flight	12
1788830505	cqlite-flight	12
1788830520	cqlite-flight	12
1788830535	cqlite-flight	12
1788830550	cqlite-flight	12
1788830565	cqlite-flight	12
1788830580	cqlite-flight	12
1788830595	cqlite-flight	12
1788830610	cqlite-flight	12
1788830625	cqlite-flight	12
1788830640	cqlite-flight	12
1788830655	cqlite-flight	12
1788830670	cqlite-flight	12
1788830685	cqlite-flight	12
1788830700	cqlite-flight	12
1788830715	cqlite-flight	12
1788830730	cqlite-flight	12
1788830745	cqlite-flight	12
1788830760	cqlite-flight	12
1788830775	cqlite-flight	12
1788830790	cqlite-flight	12
1788830805	cqlite-flight	12
1788830820	cqlite-flight	12
1788830835	cqlite-flight	12
1788830850	cqlite-flight	12
1788830865	cqlite-flight	12
1788830880	cqlite-flight	12
1788830895	cqlite-flight	12
1788830910	cqlite-flight	12
1788830925	cqlite-flight	28
1788830940	cqlite-flight	28
1788830955	cqlite-flight	28
1788830970	cqlite-flight	28
1788830985	cqlite-flight	13
1788831000	cqlite-flight	13
1788831015	cqlite-flight	13
1788831030	cqlite-flight	13
1788831045	cqlite-flight	13
1788831060	cqlite-flight	13
1788831075	cqlite-flight	13
1788831090	cqlite-flight	13
1788831105	cqlite-flight	13
1788831120	cqlite-flight	13
1788831135	cqlite-flight	13
1788831150	cqlite-flight	13
1788831165	cqlite-flight	13
1788831180	cqlite-flight	13
1788831195	cqlite-flight	13
1788831210	cqlite-flight	13
1788831225	cqlite-flight	13
1788831240	cqlite-flight	13
1788831255	cqlite-flight	13
1788831270	cqlite-flight	13
1788831285	cqlite-flight	13
1788831300	cqlite-flight	13
1788831315	cqlite-flight	13
1788831330	cqlite-flight	13
1788831345	cqlite-flight	13
1788831360	cqlite-flight	13
1788831375	cqlite-flight	13
1788831390	cqlite-flight	13
1788831405	cqlite-flight	24
1788831420	cqlite-flight	24
1788831435	cqlite-flight	24
1788831450	cqlite-flight	24
1788831465	cqlite-flight	13
1788831480	cqlite-flight	13
1788831495	cqlite-flight	13
1788831510	cqlite-flight	13
1788831525	cqlite-flight	13
1788831540	cqlite-flight	13
1788831555	cqlite-flight	13
1788831570	cqlite-flight	13
1788831585	cqlite-flight	14
1788831600	cqlite-flight	14
1788831615	cqlite-flight	14
1788831630	cqlite-flight	14
1788831645	cqlite-flight	24
1788831660	cqlite-flight	24
1788831675	cqlite-flight	24
1788831690	cqlite-flight	24
1788831705	cqlite-flight	15
1788831720	cqlite-flight	15
1788831735	cqlite-flight	15
1788831750	cqlite-flight	15
1788831765	cqlite-flight	15
1788831780	cqlite-flight	15
1788831795	cqlite-flight	15
1788831810	cqlite-flight	15
1788831825	cqlite-flight	15
1788831840	cqlite-flight	15
1788831855	cqlite-flight	15
1788831870	cqlite-flight	15
1788831885	cqlite-flight	15
1788831900	cqlite-flight	15
1788831915	cqlite-flight	15
1788831930	cqlite-flight	15
1788831945	cqlite-flight	15
1788831960	cqlite-flight	15
1788831975	cqlite-flight	15
1788831990	cqlite-flight	15
1788832005	cqlite-flight	29
1788832020	cqlite-flight	29
1788832035	cqlite-flight	29
1788832050	cqlite-flight	29
1788832065	cqlite-flight	22
1788832080	cqlite-flight	22
1788832095	cqlite-flight	22
1788832110	cqlite-flight	22
1788832125	cqlite-flight	15
1788832140	cqlite-flight	15
1788832155	cqlite-flight	15
1788832170	cqlite-flight	15
1788832185	cqlite-flight	39
1788832200	cqlite-flight	39
1788832215	cqlite-flight	39
1788832230	cqlite-flight	39
1788832245	cqlite-flight	15
1788832260	cqlite-flight	15
1788832275	cqlite-flight	15
1788832290	cqlite-flight	15
1788832305	cqlite-flight	15
1788832320	cqlite-flight	15
1788832335	cqlite-flight	15
1788832350	cqlite-flight	15
1788832365	cqlite-flight	15
1788832380	cqlite-flight	15
1788832395	cqlite-flight	15
1788832410	cqlite-flight	15
1788832425	cqlite-flight	15
1788832440	cqlite-flight	15
1788832455	cqlite-flight	15
1788832470	cqlite-flight	15
1788832485	cqlite-flight	15
1788832500	cqlite-flight	15
1788832515	cqlite-flight	15
1788832530	cqlite-flight	15
1788832545	cqlite-flight	15
1788832560	cqlite-flight	15
1788832575	cqlite-flight	15
1788832590	cqlite-flight	15
1788832605	cqlite-flight	15
1788832620	cqlite-flight	15
1788832635	cqlite-flight	15
1788832650	cqlite-flight	15
1788832665	cqlite-flight	15
1788832680	cqlite-flight	15
1788832695	cqlite-flight	15
1788832710	cqlite-flight	15
1788832725	cqlite-flight	15
1788832740	cqlite-flight	15
1788832755	cqlite-flight	15
1788832770	cqlite-flight	15
1788832785	cqlite-flight	15
1788832800	cqlite-flight	15
1788832815	cqlite-flight	15
1788832830	cqlite-flight	15
1788832845	cqlite-flight	15
1788832860	cqlite-flight	15
1788832875	cqlite-flight	15
1788832890	cqlite-flight	15
1788832905	cqlite-flight	15
1788832920	cqlite-flight	15
1788832935	cqlite-flight	15
1788832950	cqlite-flight	15
1788832965	cqlite-flight	15
1788832980	cqlite-flight	15
1788832995	cqlite-flight	15
1788833010	cqlite-flight	15
1788833025	cqlite-flight	15
1788833040	cqlite-flight	15
1788833055	cqlite-flight	15
1788833070	cqlite-flight	15
1788833085	cqlite-flight	15
1788833100	cqlite-flight	15
1788833115	cqlite-flight	15
1788833130	cqlite-flight	15
1788833145	cqlite-flight	15
1788833160	cqlite-flight	15
1788833175	cqlite-flight	15
1788833190	cqlite-flight	15
1788833205	cqlite-flight	15
1788833220	cqlite-flight	15
1788833235	cqlite-flight	15
1788833250	cqlite-flight	15
1788833265	cqlite-flight	15
1788833280	cqlite-flight	15
1788833295	cqlite-flight	15
1788833310	cqlite-flight	15
1788833325	cqlite-flight	15
1788833340	cqlite-flight	15
1788833355	cqlite-flight	15
1788833370	cqlite-flight	15
1788833385	cqlite-flight	15
1788833400	cqlite-flight	15
1788833415	cqlite-flight	15
1788833430	cqlite-flight	15
1788833445	cqlite-flight	15
1788833460	cqlite-flight	15
1788833475	cqlite-flight	15
1788833490	cqlite-flight	15
1788833505	cqlite-flight	15
1788833520	cqlite-flight	15
1788833535	cqlite-flight	15
1788833550	cqlite-flight	15
1788833565	cqlite-flight	15
1788833580	cqlite-flight	15
1788833595	cqlite-flight	15
1788833610	cqlite-flight	15
1788833625	cqlite-flight	15
1788833640	cqlite-flight	15
1788833655	cqlite-flight	15
1788833670	cqlite-flight	15
1788833685	cqlite-flight	15
1788833700	cqlite-flight	15
1788833715	cqlite-flight	15
1788833730	cqlite-flight	15
1788833745	cqlite-flight	15
1788833760	cqlite-flight	15
1788833775	cqlite-flight	27
1788833790	cqlite-flight	27
1788833805	cqlite-flight	15
1788833820	cqlite-flight	15
1788833835	cqlite-flight	15
1788833850	cqlite-flight	15
1788833865	cqlite-flight	15
1788833880	cqlite-flight	15
1788833895	cqlite-flight	15
1788833910	cqlite-flight	16
1788833925	cqlite-flight	16
1788833940	cqlite-flight	16
1788833955	cqlite-flight	16
1788833970	cqlite-flight	15
1788833985	cqlite-flight	15
1788834000	cqlite-flight	15
1788834015	cqlite-flight	15
1788834030	cqlite-flight	15
1788834045	cqlite-flight	15
1788834060	cqlite-flight	15
1788834075	cqlite-flight	15
1788834090	cqlite-flight	15
1788834105	cqlite-flight	15
1788834120	cqlite-flight	15
1788834135	cqlite-flight	15
1788834150	cqlite-flight	15
1788834165	cqlite-flight	15
1788834180	cqlite-flight	15
1788834195	cqlite-flight	15
1788834210	cqlite-flight	15
1788834225	cqlite-flight	15
1788834240	cqlite-flight	15
1788834255	cqlite-flight	15
1788834270	cqlite-flight	15
1788834285	cqlite-flight	15
1788834300	cqlite-flight	15
1788834315	cqlite-flight	15
1788834330	cqlite-flight	15
1788834345	cqlite-flight	15
1788834360	cqlite-flight	15
1788834375	cqlite-flight	15
1788834390	cqlite-flight	15
1788834405	cqlite-flight	15
1788834420	cqlite-flight	15
1788834435	cqlite-flight	15
1788834450	cqlite-flight	15
1788834465	cqlite-flight	15
1788834480	cqlite-flight	15
1788834495	cqlite-flight	15
1788834510	cqlite-flight	15
1788834525	cqlite-flight	15
1788834540	cqlite-flight	15
1788834555	cqlite-flight	15
1788834570	cqlite-flight	15
1788834585	cqlite-flight	15
1788834600	cqlite-flight	15
1788834615	cqlite-flight	15
1788834630	cqlite-flight	15
1788834645	cqlite-flight	15
1788834660	cqlite-flight	15
1788834675	cqlite-flight	15
1788834690	cqlite-flight	15
1788834705	cqlite-flight	15
1788834720	cqlite-flight	15
1788834735	cqlite-flight	15
1788834750	cqlite-flight	15
1788834765	cqlite-flight	15
1788834780	cqlite-flight	15
1788834795	cqlite-flight	15
1788834810	cqlite-flight	15
1788834825	cqlite-flight	15
1788834840	cqlite-flight	15
1788834855	cqlite-flight	15
1788834870	cqlite-flight	15
1788834885	cqlite-flight	15
1788834900	cqlite-flight	15
1788834915	cqlite-flight	15
1788834930	cqlite-flight	15
1788834945	cqlite-flight	15
1788834960	cqlite-flight	15
1788834975	cqlite-flight	15
1788834990	cqlite-flight	15
1788835005	cqlite-flight	15
1788835020	cqlite-flight	15
1788835035	cqlite-flight	15
1788835050	cqlite-flight	15
1788835065	cqlite-flight	15
1788835080	cqlite-flight	15
1788835095	cqlite-flight	15
1788835110	cqlite-flight	15
1788835125	cqlite-flight	15
1788835140	cqlite-flight	15
1788835155	cqlite-flight	15
1788835170	cqlite-flight	15
1788835185	cqlite-flight	15
1788835200	cqlite-flight	15
1788835215	cqlite-flight	15
1788835230	cqlite-flight	15
1788835245	cqlite-flight	15
1788835260	cqlite-flight	15
1788835275	cqlite-flight	15
1788835290	cqlite-flight	15
1788835305	cqlite-flight	15
1788835320	cqlite-flight	15
1788835335	cqlite-flight	15
1788835350	cqlite-flight	162
1788835365	cqlite-flight	162
1788835380	cqlite-flight	162
1788835395	cqlite-flight	162
1788835410	cqlite-flight	75
1788835425	cqlite-flight	75
1788835440	cqlite-flight	75
1788835455	cqlite-flight	75
1788835470	cqlite-flight	27
1788835485	cqlite-flight	27
1788835500	cqlite-flight	27
1788835515	cqlite-flight	27
1788835530	cqlite-flight	199
1788835545	cqlite-flight	199
1788835560	cqlite-flight	199
1788835575	cqlite-flight	199
1788835590	cqlite-flight	202
1788835605	cqlite-flight	202
1788835620	cqlite-flight	202
1788835635	cqlite-flight	202
1788835650	cqlite-flight	171
1788835665	cqlite-flight	171
1788835680	cqlite-flight	171
1788835695	cqlite-flight	171
1788835710	cqlite-flight	141
1788835725	cqlite-flight	141
1788835740	cqlite-flight	141
1788835755	cqlite-flight	141
1788835770	cqlite-flight	61
1788835785	cqlite-flight	61
1788835800	cqlite-flight	61
1788835815	cqlite-flight	61
1788835830	cqlite-flight	16
1788835845	cqlite-flight	16
1788835860	cqlite-flight	16
1788835875	cqlite-flight	16
1788835890	cqlite-flight	15
1788835905	cqlite-flight	15
1788835920	cqlite-flight	15
1788835935	cqlite-flight	15
1788835950	cqlite-flight	15
1788835965	cqlite-flight	15
1788835980	cqlite-flight	15
1788835995	cqlite-flight	15
1788836010	cqlite-flight	15
1788836025	cqlite-flight	15
1788836040	cqlite-flight	15
1788836055	cqlite-flight	15
1788836070	cqlite-flight	15
1788836085	cqlite-flight	15
1788836100	cqlite-flight	15
1788836115	cqlite-flight	15
1788836130	cqlite-flight	15
1788836145	cqlite-flight	15
1788836160	cqlite-flight	15
1788836175	cqlite-flight	15
1788836190	cqlite-flight	15
1788836205	cqlite-flight	15
1788836220	cqlite-flight	15
1788836235	cqlite-flight	15
1788836250	cqlite-flight	15
1788836265	cqlite-flight	15
1788836280	cqlite-flight	15
1788836295	cqlite-flight	15
1788836310	cqlite-flight	15
1788836325	cqlite-flight	15
1788836340	cqlite-flight	15
1788836355	cqlite-flight	15
1788836370	cqlite-flight	15
1788836385	cqlite-flight	15
1788836400	cqlite-flight	15
1788836415	cqlite-flight	15
1788836430	cqlite-flight	15
1788836445	cqlite-flight	15
1788836460	cqlite-flight	15
1788836475	cqlite-flight	15
1788836490	cqlite-flight	15
1788836505	cqlite-flight	15
1788836520	cqlite-flight	15
1788836535	cqlite-flight	15
1788836550	cqlite-flight	15
1788836565	cqlite-flight	15
1788836580	cqlite-flight	15
1788836595	cqlite-flight	15
1788836610	cqlite-flight	15
1788836625	cqlite-flight	15
1788836640	cqlite-flight	15
1788836655	cqlite-flight	15
1788836670	cqlite-flight	15
1788836685	cqlite-flight	15
1788836700	cqlite-flight	15
1788836715	cqlite-flight	15
1788836730	cqlite-flight	15
1788836745	cqlite-flight	15
1788836760	cqlite-flight	15
1788836775	cqlite-flight	15
1788836790	cqlite-flight	15
1788836805	cqlite-flight	15
1788836820	cqlite-flight	15
1788836835	cqlite-flight	15
1788836850	cqlite-flight	15
1788836865	cqlite-flight	15
1788836880	cqlite-flight	15
1788836895	cqlite-flight	15
1788836910	cqlite-flight	15
1788836925	cqlite-flight	15
1788836940	cqlite-flight	15
1788836955	cqlite-flight	15
1788836970	cqlite-flight	15
1788836985	cqlite-flight	15
1788837000	cqlite-flight	15
1788837015	cqlite-flight	15
1788837030	cqlite-flight	15
1788837045	cqlite-flight	15
1788837060	cqlite-flight	15
1788837075	cqlite-flight	15
1788837090	cqlite-flight	15
1788837105	cqlite-flight	15
1788837120	cqlite-flight	15
1788837135	cqlite-flight	15
1788837150	cqlite-flight	15
1788837165	cqlite-flight	15
1788837180	cqlite-flight	15
1788837195	cqlite-flight	15
1788837210	cqlite-flight	15
1788837225	cqlite-flight	15
1788837240	cqlite-flight	15
1788837255	cqlite-flight	15
1788837270	cqlite-flight	15
1788837285	cqlite-flight	15
1788837300	cqlite-flight	15
1788837315	cqlite-flight	15
1788837330	cqlite-flight	15
1788837345	cqlite-flight	15
1788837360	cqlite-flight	15
1788837375	cqlite-flight	15
1788837390	cqlite-flight	15
1788837405	cqlite-flight	15
1788837420	cqlite-flight	15
1788837435	cqlite-flight	15
1788837450	cqlite-flight	15
1788837465	cqlite-flight	15
1788837480	cqlite-flight	15
1788837495	cqlite-flight	15
1788837510	cqlite-flight	15
1788837525	cqlite-flight	15
1788837540	cqlite-flight	15
1788837555	cqlite-flight	15
1788837570	cqlite-flight	15
1788837585	cqlite-flight	15
1788837600	cqlite-flight	15
1788837615	cqlite-flight	15
1788837630	cqlite-flight	15
1788837645	cqlite-flight	15
1788837660	cqlite-flight	15
1788837675	cqlite-flight	15
1788837690	cqlite-flight	15
1788837705	cqlite-flight	15
1788837720	cqlite-flight	15
1788837735	cqlite-flight	15
1788837750	cqlite-flight	15
1788837765	cqlite-flight	15
1788837780	cqlite-flight	15
1788837795	cqlite-flight	15
1788837810	cqlite-flight	15
1788837825	cqlite-flight	15
1788837840	cqlite-flight	15
1788837855	cqlite-flight	15
1788837870	cqlite-flight	15
1788837885	cqlite-flight	15
1788837900	cqlite-flight	15
1788837915	cqlite-flight	15
1788837930	cqlite-flight	15
1788837945	cqlite-flight	15
1788837960	cqlite-flight	15
1788837975	cqlite-flight	15
1788837990	cqlite-flight	15
1788838005	cqlite-flight	15
1788838020	cqlite-flight	15
1788838035	cqlite-flight	15
1788838050	cqlite-flight	15
1788838065	cqlite-flight	15
1788838080	cqlite-flight	15
1788838095	cqlite-flight	15
1788838110	cqlite-flight	15
1788838125	cqlite-flight	15
1788838140	cqlite-flight	15
1788838155	cqlite-flight	15
1788838170	cqlite-flight	15
1788838185	cqlite-flight	15
1788838200	cqlite-flight	15
1788838215	cqlite-flight	15
1788838230	cqlite-flight	15
1788838245	cqlite-flight	15
1788838260	cqlite-flight	15
1788838275	cqlite-flight	15
1788838290	cqlite-flight	16
1788838305	cqlite-flight	16
1788838320	cqlite-flight	16
1788838335	cqlite-flight	16
1788838350	cqlite-flight	16
1788838365	cqlite-flight	16
1788838380	cqlite-flight	16
1788838395	cqlite-flight	16
1788838410	cqlite-flight	17
1788838425	cqlite-flight	17
1788838440	cqlite-flight	17
1788838455	cqlite-flight	17
1788838470	cqlite-flight	19
1788838485	cqlite-flight	19
1788838500	cqlite-flight	19
1788838515	cqlite-flight	19
1788838530	cqlite-flight	19
1788838545	cqlite-flight	19
1788838560	cqlite-flight	19
1788838575	cqlite-flight	19
1788838590	cqlite-flight	19
1788838605	cqlite-flight	19
1788838620	cqlite-flight	19
1788838635	cqlite-flight	19
1788838650	cqlite-flight	19
1788838665	cqlite-flight	19
1788838680	cqlite-flight	19
1788838695	cqlite-flight	19
1788838710	cqlite-flight	19
1788838725	cqlite-flight	19
1788838740	cqlite-flight	19
1788838755	cqlite-flight	19
1788838770	cqlite-flight	19
1788838785	cqlite-flight	19
1788838800	cqlite-flight	19
1788838815	cqlite-flight	19
1788838830	cqlite-flight	19
1788838845	cqlite-flight	19
1788838860	cqlite-flight	19
1788838875	cqlite-flight	19
1788838890	cqlite-flight	21
1788838905	cqlite-flight	21
1788838920	cqlite-flight	21
1788838935	cqlite-flight	21
1788838950	cqlite-flight	21
1788838965	cqlite-flight	21
1788838980	cqlite-flight	21
1788838995	cqlite-flight	21
1788839010	cqlite-flight	21
1788839025	cqlite-flight	21
1788839040	cqlite-flight	21
1788839055	cqlite-flight	21
1788839070	cqlite-flight	21
1788839085	cqlite-flight	21
1788839100	cqlite-flight	21
1788839115	cqlite-flight	21
1788839130	cqlite-flight	21
1788839145	cqlite-flight	21
1788839160	cqlite-flight	21
1788839175	cqlite-flight	21
1788839190	cqlite-flight	15
1788839205	cqlite-flight	15
1788839220	cqlite-flight	15
1788839235	cqlite-flight	15
1788839250	cqlite-flight	99
1788839265	cqlite-flight	99
1788839280	cqlite-flight	99
1788839295	cqlite-flight	99
1788839310	cqlite-flight	15
1788839325	cqlite-flight	15
1788839340	cqlite-flight	15
1788839355	cqlite-flight	15
1788839370	cqlite-flight	16
1788839385	cqlite-flight	16
1788839400	cqlite-flight	16
1788839415	cqlite-flight	16
1788839430	cqlite-flight	15
1788839445	cqlite-flight	15
1788839460	cqlite-flight	15
1788839475	cqlite-flight	15
1788839490	cqlite-flight	15
1788839505	cqlite-flight	15
1788839520	cqlite-flight	15
1788839535	cqlite-flight	15
1788839550	cqlite-flight	16
1788839565	cqlite-flight	16
1788839580	cqlite-flight	16
1788839595	cqlite-flight	16
1788839610	cqlite-flight	16
1788839625	cqlite-flight	16
1788839640	cqlite-flight	16
1788839655	cqlite-flight	16
1788839670	cqlite-flight	16
1788839685	cqlite-flight	16
1788839700	cqlite-flight	16
1788839715	cqlite-flight	16
1788839730	cqlite-flight	16
1788839745	cqlite-flight	16
1788839760	cqlite-flight	16
1788839775	cqlite-flight	16
1788839790	cqlite-flight	15
1788839805	cqlite-flight	15
1788839820	cqlite-flight	15
1788839835	cqlite-flight	15
1788839850	cqlite-flight	15
1788839865	cqlite-flight	15
1788839880	cqlite-flight	15
1788839895	cqlite-flight	15
1788839910	cqlite-flight	15
1788839925	cqlite-flight	15
1788839940	cqlite-flight	15
1788839955	cqlite-flight	15
1788839970	cqlite-flight	15
1788839985	cqlite-flight	15
1788840000	cqlite-flight	15
1788840015	cqlite-flight	15
1788840030	cqlite-flight	15
1788840045	cqlite-flight	15
1788840060	cqlite-flight	15
1788840075	cqlite-flight	15
1788840090	cqlite-flight	15
1788840105	cqlite-flight	15
1788840120	cqlite-flight	15
1788840135	cqlite-flight	15
1788840150	cqlite-flight	15
1788840165	cqlite-flight	15
1788840180	cqlite-flight	15
1788840195	cqlite-flight	15
1788840210	cqlite-flight	15
1788840225	cqlite-flight	15
1788840240	cqlite-flight	15
1788840255	cqlite-flight	15
1788840270	cqlite-flight	15
1788840285	cqlite-flight	15
1788840300	cqlite-flight	15
1788840315	cqlite-flight	15
1788840330	cqlite-flight	15
1788840345	cqlite-flight	15
1788840360	cqlite-flight	15
1788840375	cqlite-flight	15
1788840390	cqlite-flight	15
1788840405	cqlite-flight	15
1788840420	cqlite-flight	15
1788840435	cqlite-flight	15
1788840450	cqlite-flight	15
1788840465	cqlite-flight	15
1788840480	cqlite-flight	15
1788840495	cqlite-flight	15
1788840510	cqlite-flight	15
1788840525	cqlite-flight	15
1788840540	cqlite-flight	15
1788840555	cqlite-flight	15
1788840570	cqlite-flight	15
1788840585	cqlite-flight	15
1788840600	cqlite-flight	15
1788840615	cqlite-flight	15
1788840630	cqlite-flight	15
1788840645	cqlite-flight	15
1788840660	cqlite-flight	15
1788840675	cqlite-flight	15
1788840690	cqlite-flight	15
1788840705	cqlite-flight	15
1788840720	cqlite-flight	15
1788840735	cqlite-flight	15
1788840750	cqlite-flight	15
1788840765	cqlite-flight	15
1788840780	cqlite-flight	15
1788840795	cqlite-flight	15
1788840810	cqlite-flight	15
1788840825	cqlite-flight	15
1788840840	cqlite-flight	15
1788840855	cqlite-flight	15
1788840870	cqlite-flight	15
1788840885	cqlite-flight	15
1788840900	cqlite-flight	15
1788840915	cqlite-flight	15
1788840930	cqlite-flight	15
1788840945	cqlite-flight	15
1788840960	cqlite-flight	15
1788840975	cqlite-flight	15
1788840990	cqlite-flight	15
1788841005	cqlite-flight	15
1788841020	cqlite-flight	15
1788841035	cqlite-flight	15
1788841050	cqlite-flight	15
1788841065	cqlite-flight	15
1788841080	cqlite-flight	15
1788841095	cqlite-flight	15
1788841110	cqlite-flight	15
1788841125	cqlite-flight	15
1788841140	cqlite-flight	15
1788841155	cqlite-flight	15
